user_id,username,email,account_id,balance,song_id,title,artist,genre,price
4c462a9c-81f2-48d5-9ca5-2db98c8c9355,user_6,user_6@example.com,157a5e1f-31e3-4264-92fb-e38cc91123b4,126.61,18655abc-d7af-4bc4-94ba-8402f1c748ca,Song 25,Artist 5,Jazz,7.84
2e3e5798-4a9f-4268-a80d-3551a9e1843b,user_23,user_23@example.com,f03c5971-a27a-444b-bbed-1267ded77074,277.02,6e11084f-8634-4570-aee5-91dcd99018b0,Song 132,Artist 12,Electronic,10.01
bcb76878-86df-4b81-a1b5-97c67458073c,user_25,user_25@example.com,24866ecb-e0df-40a5-be3a-32bf0a69b41c,180.98,bb2433ad-263b-4060-839b-4f20cf6cdda1,Song 194,Artist 14,Rock,6.69
95f916ee-dc1b-4a47-bef6-4ec87b98142f,user_19,user_19@example.com,bc55c0b2-849b-4482-8863-c46a733b1030,26.52,0d591a26-7a84-40e2-ac09-bdc0524edd6f,Song 23,Artist 3,Rock,14.65
71a9498f-f7f3-4d87-9a10-5e1836e3cd76,user_33,user_33@example.com,9453a219-e89f-4691-927e-9f9ec66bc6e4,402.46,a52c27f5-a78f-4dbe-832c-1f1b304ac630,Song 156,Artist 16,Jazz,11.69
5d57ba56-8ad1-4748-ad7a-13d3572366ad,user_66,user_66@example.com,bb1197a8-37af-4217-91c2-b0e507303cae,226.56,856c9c9a-2587-48f0-a61f-30be521efff5,Song 37,Artist 17,Electronic,4.57
bacc9f5d-9ab2-4722-a7d9-823e849017f5,user_0,user_0@example.com,4d3e8692-0cff-40cc-81ed-8cf9e2cc3327,235.76,726fd9dc-e442-414b-a0ab-6db5592c6a46,Song 181,Artist 1,Jazz,4.19
fb1cc971-3210-4dda-914b-b4f1498b088b,user_83,user_83@example.com,b71bad17-6103-48ab-9a5b-d76f8a69e43b,490.25,57c631f2-6b1a-4b57-8e61-690f37a0fea8,Song 126,Artist 6,Jazz,8.88
347a29cf-91bd-4903-a2ec-4c524a2e82a4,user_10,user_10@example.com,32262bfb-d5a4-4e75-b120-1811452f145f,11.88,2713e750-0b98-46f1-8a74-4779defed9f0,Song 141,Artist 1,Pop,2.3
f276973f-fc54-4183-8842-dfaf0f3e204d,user_80,user_80@example.com,f43558a0-caca-4033-85c1-659a7982846c,66.53,bb2433ad-263b-4060-839b-4f20cf6cdda1,Song 194,Artist 14,Rock,6.69
94130455-b282-4198-886c-f4b0661187a7,user_98,user_98@example.com,c0cfccce-2c7c-4e50-aaa7-3468cc9c07df,79.36,a2cef430-e340-4145-83aa-ec71598bbad9,Song 151,Artist 11,Pop,12.69
2e3e5798-4a9f-4268-a80d-3551a9e1843b,user_23,user_23@example.com,f03c5971-a27a-444b-bbed-1267ded77074,277.02,021195d0-8f33-4111-8bef-600df3ee5ce4,Song 160,Artist 0,Electronic,12.67
b2dfa26e-6c29-4b95-ab16-06e4ec35bc58,user_65,user_65@example.com,3b08562d-2ceb-475a-945e-f3bdda6289a1,464.15,75e7b0f8-217d-41d4-b277-6543e8f287a0,Song 57,Artist 17,Jazz,8.41
7f784d0e-64d7-493f-84a5-67324f644198,user_79,user_79@example.com,4c56935a-b7ed-4fb6-b7ac-5c8622bd8424,307.33,905e45fc-c321-499a-8c57-a7ea08522003,Song 172,Artist 12,Rock,14.19
0ff248ce-d66b-49ed-ba6f-87c1511aebd0,user_43,user_43@example.com,b17e9bd3-3a5a-494d-ad9c-2977548a3673,225.3,11a1551b-28e4-46b7-8fe7-a602db95fcff,Song 125,Artist 5,Electronic,2.36
e69559ef-f69e-4359-aa06-9912421e0367,user_37,user_37@example.com,7a1ae2d5-f921-4a66-ad0d-5f5577c6c6a8,154.47,d008a4d4-9517-4e47-9ef9-e698b4820bea,Song 183,Artist 3,Rock,12.49
3a1e163a-3555-4eda-800d-76157d3a9bef,user_9,user_9@example.com,462595d4-7790-4972-b6fd-ac5c33b10173,39.89,d5310e46-ef9c-4c7f-a386-c357155b968d,Song 47,Artist 7,Pop,15.58
5bf3e1c4-7ec7-447d-a89d-01f0d17d7a30,user_12,user_12@example.com,ca209542-e12d-475f-9824-13e551d8ea53,292.19,da874d7d-f63a-4977-9924-02994464140a,Song 79,Artist 19,Rock,10.11
f4500229-0662-4256-94ed-d1216b58fd5d,user_90,user_90@example.com,ff941cd0-9652-462f-a7db-2e8703632635,93.16,fbba427c-2986-409d-8251-c0d9b2d36880,Song 3,Artist 3,Rock,7.63
80f63cb3-118f-4132-bedf-c297efb250fe,user_42,user_42@example.com,dac6f077-eced-4b8c-9e33-10263030cff8,464.94,59d38e43-5586-4cbf-9c22-1bd04dc7e13e,Song 104,Artist 4,Pop,9.1
5bf3e1c4-7ec7-447d-a89d-01f0d17d7a30,user_12,user_12@example.com,ca209542-e12d-475f-9824-13e551d8ea53,292.19,bb6a3fed-01b7-488b-b4d6-b7712c698902,Song 59,Artist 19,Jazz,9.18
0f9edd76-f58a-4c84-88e5-435569c86618,user_69,user_69@example.com,cef3fdee-bed7-4371-b320-5dbc8089d643,46.23,e43be2f0-7105-40dc-b9db-2b803c12036b,Song 65,Artist 5,Rock,12.31
92ecce5a-294e-4658-941a-5f2d66661c50,user_77,user_77@example.com,05ac083a-a96b-4907-93fb-bd3f56eb2883,325.12,a8021cf8-1b9c-4fd8-8e3d-937b72566d53,Song 123,Artist 3,Electronic,15.98
01a8ad0c-6d5d-4054-8cca-7f66b82e15db,user_11,user_11@example.com,a1a967ae-174f-49bb-b751-4a70b77fb816,43.12,80bb3212-41f7-40b9-aa97-7986f3689350,Song 17,Artist 17,Jazz,3.25
a1a35823-5afd-47c5-bc4b-d0687905aff3,user_53,user_53@example.com,cd5f1f30-db3b-443c-ac4d-5280d096adec,287.32,75e7b0f8-217d-41d4-b277-6543e8f287a0,Song 57,Artist 17,Jazz,8.41
b2caa2a3-2738-4bd3-ad7a-d3f4c43083e9,user_82,user_82@example.com,0bf94a8c-e681-4b4b-93d4-9034371b59b8,136.15,d2df3f3f-0630-4197-aaa5-dc1b3159131a,Song 174,Artist 14,Pop,5.49
5bf3e1c4-7ec7-447d-a89d-01f0d17d7a30,user_12,user_12@example.com,ca209542-e12d-475f-9824-13e551d8ea53,292.19,03ced980-e5e3-4234-93a2-99529032b3f8,Song 97,Artist 17,Rock,15.18
119c0181-dfc4-46f5-8de2-7b1d6084c889,user_47,user_47@example.com,ab8a39b6-0bf1-428b-befd-f4b4dcc1e059,152.44,7fb5b1c1-187a-4275-a303-01c033a18916,Song 26,Artist 6,Jazz,8.88
b2dfa26e-6c29-4b95-ab16-06e4ec35bc58,user_65,user_65@example.com,3b08562d-2ceb-475a-945e-f3bdda6289a1,464.15,824d26f0-9e62-4b2c-af44-bdc2579a98d0,Song 51,Artist 11,Electronic,6.07
0ff248ce-d66b-49ed-ba6f-87c1511aebd0,user_43,user_43@example.com,b17e9bd3-3a5a-494d-ad9c-2977548a3673,225.3,f9f1bcea-b86a-48b2-a2dc-1caab7e9c9ff,Song 124,Artist 4,Jazz,7.76
bf3550da-3037-455a-88d6-4858704f911f,user_74,user_74@example.com,f0ecce89-f227-4939-a225-db072d14bbfe,356.04,f4a2d80a-432c-45ab-8699-086cdb325ca2,Song 198,Artist 18,Jazz,5.3
56f3d9d4-507c-41b8-8501-ce99bef2b23d,user_57,user_57@example.com,ebbf8bf1-d07f-4d79-8228-77062cc3cbf9,372.27,56c8bbdf-1c8e-49cf-b3e8-addc52a65cb1,Song 72,Artist 12,Electronic,1.15
f586cf8d-6307-4d83-9425-51d55a0b8e81,user_30,user_30@example.com,a002a909-6aa7-47e4-a9f0-f01d74a13df7,242.5,f5f5a4f5-b8fd-4382-9913-caa7f5b93b96,Song 179,Artist 19,Pop,14.61
1bdd7e34-bf5f-4df4-bcdc-d8cbdf3a75ba,user_92,user_92@example.com,e639fce7-399a-4bb8-a881-e1e943b84b64,29.28,021195d0-8f33-4111-8bef-600df3ee5ce4,Song 160,Artist 0,Electronic,12.67
01a8ad0c-6d5d-4054-8cca-7f66b82e15db,user_11,user_11@example.com,a1a967ae-174f-49bb-b751-4a70b77fb816,43.12,faaa1927-09aa-4be4-9f16-2ca20a08c32f,Song 170,Artist 10,Jazz,13.81
b43275b3-ea7a-4c0f-a925-f7d65ef34fd1,user_40,user_40@example.com,fe2344e4-0b31-4ac9-a975-fb9c7d9a749c,223.88,3aad537b-2156-4416-98f2-b9ee35c21da5,Song 29,Artist 9,Electronic,6.14
565e7418-ae61-4166-bd7d-563090559a76,user_49,user_49@example.com,d06480e8-7f5f-4078-b5f4-783ccd99ba5b,268.63,4a98fb4b-8b7f-4edc-b75d-2b83055ef836,Song 83,Artist 3,Rock,7.39
5d57ba56-8ad1-4748-ad7a-13d3572366ad,user_66,user_66@example.com,bb1197a8-37af-4217-91c2-b0e507303cae,226.56,b8be319f-5aa1-4501-8557-f75f8e89e3a7,Song 103,Artist 3,Pop,4.07
f4500229-0662-4256-94ed-d1216b58fd5d,user_90,user_90@example.com,ff941cd0-9652-462f-a7db-2e8703632635,93.16,1b1aada1-d566-45a2-bffa-9659bcd2cc8d,Song 178,Artist 18,Electronic,7.58
680305e9-e6cc-4a1b-acc7-dfc2263e95a1,user_94,user_94@example.com,4c9094b1-4038-4d69-beb2-ea23409434de,291.36,4a98fb4b-8b7f-4edc-b75d-2b83055ef836,Song 83,Artist 3,Rock,7.39
b43275b3-ea7a-4c0f-a925-f7d65ef34fd1,user_40,user_40@example.com,fe2344e4-0b31-4ac9-a975-fb9c7d9a749c,223.88,7fb5b1c1-187a-4275-a303-01c033a18916,Song 26,Artist 6,Jazz,8.88
e1a8c706-a088-4144-9c12-4151d9c0ae03,user_70,user_70@example.com,2c0ac1af-e8f3-44ee-ad71-4ca508b469fc,332.05,0957bb38-3e82-45dc-a1b7-2966baa5fd87,Song 88,Artist 8,Jazz,11.28
5dee0afa-0256-4d13-ad33-11232be7fe52,user_34,user_34@example.com,48feb919-0ccb-4e77-b42a-88f8f1f1c083,248.05,f4a2d80a-432c-45ab-8699-086cdb325ca2,Song 198,Artist 18,Jazz,5.3
1d4652d7-56bc-4e1e-9f7c-05cae40036c7,user_17,user_17@example.com,43e7dcdf-014e-4fa4-abda-1c08278244be,118.19,93d5f0cb-b16b-4bab-9fa4-9e0652b13cb2,Song 108,Artist 8,Jazz,9.32
0eb91322-2422-43f5-8578-efd06c74d26d,user_61,user_61@example.com,3f86983d-8a8f-45a5-b5f8-ba715968dca3,233.6,bed57808-062b-4508-b272-20f17727ded9,Song 187,Artist 7,Jazz,11.48
92ecce5a-294e-4658-941a-5f2d66661c50,user_77,user_77@example.com,05ac083a-a96b-4907-93fb-bd3f56eb2883,325.12,c5f1f553-cdc6-46ff-a1ff-21a0fb0323a1,Song 56,Artist 16,Jazz,14.01
b2caa2a3-2738-4bd3-ad7a-d3f4c43083e9,user_82,user_82@example.com,0bf94a8c-e681-4b4b-93d4-9034371b59b8,136.15,686a1146-eda8-41db-b6e8-63538ce6a8dd,Song 190,Artist 10,Jazz,11.19
a09eabfc-9d07-4966-9c8c-c85d55940402,user_78,user_78@example.com,cd147e46-196d-4e13-be9c-8bec98d8ca79,319.63,0c10e2de-2879-4cb0-b10c-8be77723e879,Song 100,Artist 0,Pop,10.93
2e94fc08-1c17-426c-9d8f-26ac3bf92686,user_5,user_5@example.com,8dbe1a1a-f62a-4f84-815a-b888cdfefd03,106.13,f8e82a40-4835-4896-af7a-d5aa3930e436,Song 145,Artist 5,Electronic,1.48
f276973f-fc54-4183-8842-dfaf0f3e204d,user_80,user_80@example.com,f43558a0-caca-4033-85c1-659a7982846c,66.53,6f63eed6-1912-4b12-9ca5-c8ab9ff172db,Song 93,Artist 13,Rock,5.06
3b748d0d-d688-490a-830e-91bc564720cf,user_64,user_64@example.com,ee5ac602-2cb1-44ac-88df-167fb35b680d,24.92,1f56df2f-980a-4de2-baae-543fc09f95ab,Song 14,Artist 14,Jazz,9.63
8f9d061c-a48e-4f8f-9650-5413126faba8,user_96,user_96@example.com,88d40f4f-03e4-410c-a4ac-6e4e705d6314,386.76,1b07c1f2-4983-4f91-b122-0a176a8d7e65,Song 191,Artist 11,Jazz,12.25
6edec490-38c7-4d77-8a98-6cbed129fbef,user_35,user_35@example.com,2df63195-68b5-4dcf-aaf3-ee98d581079f,69.31,51756dbc-07c3-4d4e-b4cf-ed8046ee663e,Song 22,Artist 2,Jazz,4.75
1b6a1211-7f26-43bf-b974-5e882d677bc2,user_14,user_14@example.com,87a3a573-aa19-449e-9caa-0e2868423b92,23.32,51756dbc-07c3-4d4e-b4cf-ed8046ee663e,Song 22,Artist 2,Jazz,4.75
95f916ee-dc1b-4a47-bef6-4ec87b98142f,user_19,user_19@example.com,bc55c0b2-849b-4482-8863-c46a733b1030,26.52,e3a23c4c-7fac-4175-bda6-b2cc6acdd5f7,Song 110,Artist 10,Electronic,11.08
e873700b-99ea-4952-aa01-20c5a8a19575,user_21,user_21@example.com,dd0f6eb4-e743-4c04-80ee-611c3bd3f0ee,197.37,d2bcda26-62c2-47aa-a840-fae944bf7087,Song 102,Artist 2,Jazz,14.09
a09eabfc-9d07-4966-9c8c-c85d55940402,user_78,user_78@example.com,cd147e46-196d-4e13-be9c-8bec98d8ca79,319.63,1b07c1f2-4983-4f91-b122-0a176a8d7e65,Song 191,Artist 11,Jazz,12.25
f4500229-0662-4256-94ed-d1216b58fd5d,user_90,user_90@example.com,ff941cd0-9652-462f-a7db-2e8703632635,93.16,0415de07-c574-48d3-97f3-4a65e9084e97,Song 118,Artist 18,Rock,12.31
bd9cb0a6-2dbe-48fd-99e5-36c168b28898,user_56,user_56@example.com,33a8361f-3c4c-4ab9-9a52-de5d7567fb4c,496.35,90c0ef12-0aa1-464c-abf6-c0b7c5fbe970,Song 49,Artist 9,Pop,12.35
e1a27ee5-4393-4d9d-89bb-7d242c4d0361,user_7,user_7@example.com,2b9dae43-66cb-4116-9680-a6933ecc7bff,127.39,84d97b51-38bf-4e5f-8910-a88b7019151e,Song 7,Artist 7,Electronic,2.62
9a9c256e-763a-4857-8e59-b7b873ee0c31,user_32,user_32@example.com,cc8f1503-a607-4593-9978-c135fd5a97b3,256.94,849ad17e-7936-4c00-a96a-b6621f181938,Song 188,Artist 8,Electronic,13.32
6eeaf898-3bf6-4184-9836-88c1d3da5a1a,user_85,user_85@example.com,7d69b436-eb13-4662-b17f-c79ff8326d99,209.07,726fd9dc-e442-414b-a0ab-6db5592c6a46,Song 181,Artist 1,Jazz,4.19
5bf3e1c4-7ec7-447d-a89d-01f0d17d7a30,user_12,user_12@example.com,ca209542-e12d-475f-9824-13e551d8ea53,292.19,bb6a3fed-01b7-488b-b4d6-b7712c698902,Song 59,Artist 19,Jazz,9.18
6eeaf898-3bf6-4184-9836-88c1d3da5a1a,user_85,user_85@example.com,7d69b436-eb13-4662-b17f-c79ff8326d99,209.07,b78fb09b-2a3c-465f-8998-dea97e9f926e,Song 182,Artist 2,Electronic,14.4
bdd9bd5d-5ac5-4465-a49c-acd8281c0407,user_59,user_59@example.com,99849c90-5f2a-42fc-b268-128e3c17bc66,30.39,3aad537b-2156-4416-98f2-b9ee35c21da5,Song 29,Artist 9,Electronic,6.14
8f9d061c-a48e-4f8f-9650-5413126faba8,user_96,user_96@example.com,88d40f4f-03e4-410c-a4ac-6e4e705d6314,386.76,658f0a0c-c2d3-4c4a-bfe4-d194ac454474,Song 69,Artist 9,Electronic,10.77
00070552-838d-47f5-ad7d-d6678d769d2f,user_72,user_72@example.com,ef3eb137-c64d-4c22-906a-4ce316ad4fe6,83.24,4e85de8c-e1e6-41fe-ba7f-c4d604402089,Song 70,Artist 10,Pop,8.17
a5e4b011-d948-490b-9e66-d8b7c5c0814f,user_16,user_16@example.com,36709bba-58d5-45eb-8e26-ba1ca03e9b18,325.64,826cfc93-bcd5-404a-91fe-bdb7891c400a,Song 115,Artist 15,Jazz,15.58
0eb91322-2422-43f5-8578-efd06c74d26d,user_61,user_61@example.com,3f86983d-8a8f-45a5-b5f8-ba715968dca3,233.6,f9859796-6a11-4c17-9586-a9218036194a,Song 99,Artist 19,Pop,14.75
1420279d-39e6-45d8-9055-abbff3d67f64,user_45,user_45@example.com,dd486e82-75ac-4279-9c57-8147b0d9779a,114.04,05d87baa-02d6-47df-b2c4-c7ccc61440ae,Song 43,Artist 3,Rock,6.72
565e7418-ae61-4166-bd7d-563090559a76,user_49,user_49@example.com,d06480e8-7f5f-4078-b5f4-783ccd99ba5b,268.63,f1342b17-ccac-4b83-bfa1-53af78a6686a,Song 86,Artist 6,Electronic,4.22
fe65e5ff-2e1d-4eac-9626-0dc68a7ad3e5,user_62,user_62@example.com,d44d3d99-b725-4b52-8c04-89159c40000c,118.14,fb1ffb0a-56e8-4f0e-a10a-6682bf51efe8,Song 73,Artist 13,Jazz,12.41
9a9c256e-763a-4857-8e59-b7b873ee0c31,user_32,user_32@example.com,cc8f1503-a607-4593-9978-c135fd5a97b3,256.94,51756dbc-07c3-4d4e-b4cf-ed8046ee663e,Song 22,Artist 2,Jazz,4.75
b43275b3-ea7a-4c0f-a925-f7d65ef34fd1,user_40,user_40@example.com,fe2344e4-0b31-4ac9-a975-fb9c7d9a749c,223.88,aba28d96-dd74-48d4-a33e-9c9cc12b9617,Song 164,Artist 4,Rock,9.29
61efbd43-89e0-4307-9ee3-4ccae1d53855,user_39,user_39@example.com,a1600e8b-be01-4ec8-900e-fed87666aa55,233.94,79f01903-125e-4890-bd2e-149c45de7ceb,Song 71,Artist 11,Electronic,15.31
794e4561-728c-4b88-b620-3bc7c25b8825,user_44,user_44@example.com,a960f908-664c-4a7b-a6da-338aca386569,407.69,9b1f4c7e-40dc-41ca-899c-5775be4112fd,Song 78,Artist 18,Rock,6.3
c6c4c519-1969-4236-bc9e-475077da8efa,user_71,user_71@example.com,49711198-6cb0-430e-84fc-28c60283f1d0,273.47,faaa1927-09aa-4be4-9f16-2ca20a08c32f,Song 170,Artist 10,Jazz,13.81
3b748d0d-d688-490a-830e-91bc564720cf,user_64,user_64@example.com,ee5ac602-2cb1-44ac-88df-167fb35b680d,24.92,355ff1da-1c6d-4d48-81bf-5dbf59d1ca16,Song 24,Artist 4,Electronic,15.2
92ecce5a-294e-4658-941a-5f2d66661c50,user_77,user_77@example.com,05ac083a-a96b-4907-93fb-bd3f56eb2883,325.12,45c118fb-8fc1-466d-acbd-b16cc36502aa,Song 122,Artist 2,Rock,2.57
aa44286a-184d-4ee3-a2c8-907bf503c2ef,user_68,user_68@example.com,7d06a94b-b30c-4133-b6ea-e638f9e48df2,33.15,11a1551b-28e4-46b7-8fe7-a602db95fcff,Song 125,Artist 5,Electronic,2.36
f94b651f-224a-460d-937c-1cc4a4932a49,user_27,user_27@example.com,532f49fb-b369-4208-b8ec-15602ca0857a,233.26,2713e750-0b98-46f1-8a74-4779defed9f0,Song 141,Artist 1,Pop,2.3
72d56456-abea-4447-a7be-0af2a6fffab3,user_88,user_88@example.com,3a4129b3-31f2-4833-95ad-0d2fa6878a42,301.95,b8be319f-5aa1-4501-8557-f75f8e89e3a7,Song 103,Artist 3,Pop,4.07
1d080570-497d-477c-a56f-9d9c89cf9898,user_50,user_50@example.com,76cca7a9-47db-4079-ad22-6a077ed605e6,262.65,ca7494c0-994c-44f4-9e13-1b1e87b284cc,Song 20,Artist 0,Pop,8.92
1420279d-39e6-45d8-9055-abbff3d67f64,user_45,user_45@example.com,dd486e82-75ac-4279-9c57-8147b0d9779a,114.04,bed57808-062b-4508-b272-20f17727ded9,Song 187,Artist 7,Jazz,11.48
27dd5e02-85b9-4b44-8470-c68bdf69caf7,user_52,user_52@example.com,0912f14a-1a80-4389-95a4-d11d7dafb5bc,451.98,3a330ae4-bf07-4437-ac9b-ee9d75c4b6a9,Song 58,Artist 18,Pop,10.05
38e8ce19-a27f-420f-9ea1-f785beead92d,user_58,user_58@example.com,be9c70c0-37af-4e55-8b7f-8f1895c2cef4,413.37,7fb5b1c1-187a-4275-a303-01c033a18916,Song 26,Artist 6,Jazz,8.88
52654a62-f5ca-42fd-a87a-9647d0218bed,user_20,user_20@example.com,035458b7-4b2d-43a2-b530-a4a410918dc3,380.56,a0203e1f-951a-4377-abe9-02fbffb870f5,Song 129,Artist 9,Jazz,4.47
bf3550da-3037-455a-88d6-4858704f911f,user_74,user_74@example.com,f0ecce89-f227-4939-a225-db072d14bbfe,356.04,531f93da-927c-4722-97ef-d018bd9cacbb,Song 35,Artist 15,Jazz,10.74
0f9edd76-f58a-4c84-88e5-435569c86618,user_69,user_69@example.com,cef3fdee-bed7-4371-b320-5dbc8089d643,46.23,a3a1b31c-048b-4678-8ede-009eb4a43221,Song 162,Artist 2,Pop,12.39
5d57ba56-8ad1-4748-ad7a-13d3572366ad,user_66,user_66@example.com,bb1197a8-37af-4217-91c2-b0e507303cae,226.56,fd1cffde-8ab8-4b17-a5d9-6d43fce0219f,Song 150,Artist 10,Electronic,9.59
5bab74e5-0d38-425a-82d6-bfdbf2b83e44,user_55,user_55@example.com,82db2c34-7fbe-4f2a-9892-40fc8b9ace6a,460.23,dbe539be-4d2f-4fdf-93c1-61c508e22d2a,Song 91,Artist 11,Jazz,13.91
1d4652d7-56bc-4e1e-9f7c-05cae40036c7,user_17,user_17@example.com,43e7dcdf-014e-4fa4-abda-1c08278244be,118.19,3a330ae4-bf07-4437-ac9b-ee9d75c4b6a9,Song 58,Artist 18,Pop,10.05
0c90a684-2529-4681-b188-d200225d69a1,user_13,user_13@example.com,4d42b0dd-fb63-48a5-b0a0-0064dd6a57b8,291.09,d5310e46-ef9c-4c7f-a386-c357155b968d,Song 47,Artist 7,Pop,15.58
71a9498f-f7f3-4d87-9a10-5e1836e3cd76,user_33,user_33@example.com,9453a219-e89f-4691-927e-9f9ec66bc6e4,402.46,0ef4e954-221d-4c48-9da7-53bc241d9501,Song 1,Artist 1,Pop,10.56
bacc9f5d-9ab2-4722-a7d9-823e849017f5,user_0,user_0@example.com,4d3e8692-0cff-40cc-81ed-8cf9e2cc3327,235.76,7139f0eb-4746-4410-9e99-a5bd027734ff,Song 10,Artist 10,Jazz,10.85
6edec490-38c7-4d77-8a98-6cbed129fbef,user_35,user_35@example.com,2df63195-68b5-4dcf-aaf3-ee98d581079f,69.31,61223d09-0270-4ce8-abc4-72b001ec9201,Song 63,Artist 3,Electronic,14.14
52654a62-f5ca-42fd-a87a-9647d0218bed,user_20,user_20@example.com,035458b7-4b2d-43a2-b530-a4a410918dc3,380.56,beef5e34-e58b-4611-bdee-b0c1552c5c7a,Song 11,Artist 11,Pop,3.75
94130455-b282-4198-886c-f4b0661187a7,user_98,user_98@example.com,c0cfccce-2c7c-4e50-aaa7-3468cc9c07df,79.36,f4a2d80a-432c-45ab-8699-086cdb325ca2,Song 198,Artist 18,Jazz,5.3
0ff248ce-d66b-49ed-ba6f-87c1511aebd0,user_43,user_43@example.com,b17e9bd3-3a5a-494d-ad9c-2977548a3673,225.3,e3a23c4c-7fac-4175-bda6-b2cc6acdd5f7,Song 110,Artist 10,Electronic,11.08
4f428b57-c938-4983-8574-12b25e4ce0ee,user_2,user_2@example.com,dc3bb6cd-2c8d-4029-b977-f4fea4e1cda1,178.58,a27bfe83-85d8-4213-b523-49828df21dff,Song 105,Artist 5,Rock,1.35
bdd9bd5d-5ac5-4465-a49c-acd8281c0407,user_59,user_59@example.com,99849c90-5f2a-42fc-b268-128e3c17bc66,30.39,f8e82a40-4835-4896-af7a-d5aa3930e436,Song 145,Artist 5,Electronic,1.48
14dbf60c-dd8f-4520-aa50-a9e0459034de,user_97,user_97@example.com,c1c89f2b-dd63-4194-a0d7-8bd8052c0ae2,126.45,bed57808-062b-4508-b272-20f17727ded9,Song 187,Artist 7,Jazz,11.48
c8a15071-e9c7-4c5e-b0b8-4feefa2b3de0,user_95,user_95@example.com,93337843-0af6-4511-903d-2b4edfb98c7c,497.18,66efb4df-0b10-4f5a-815e-3b8e56073330,Song 41,Artist 1,Rock,14.58
b67da619-e4bc-42cd-8bf4-d9ded6729158,user_81,user_81@example.com,275c0c72-aefb-416c-b197-df3421eb2d7d,436.49,19c6f33b-c111-4547-8f88-32e5560fc120,Song 98,Artist 18,Pop,12.82
b0790ad0-1c94-4110-a7b4-60454fac2c80,user_28,user_28@example.com,3a6fec52-c353-42b6-bf38-b99c0b80b151,496.18,2c56670a-1e03-4b82-8f39-f736fb42db28,Song 80,Artist 0,Rock,1.01
a1a35823-5afd-47c5-bc4b-d0687905aff3,user_53,user_53@example.com,cd5f1f30-db3b-443c-ac4d-5280d096adec,287.32,483db1a8-e96c-49c3-8a84-ef8e1e0a1ebd,Song 48,Artist 8,Pop,5.47
61efbd43-89e0-4307-9ee3-4ccae1d53855,user_39,user_39@example.com,a1600e8b-be01-4ec8-900e-fed87666aa55,233.94,bd1494a7-6adc-4372-9d65-df8465637d05,Song 36,Artist 16,Rock,2.07
1d080570-497d-477c-a56f-9d9c89cf9898,user_50,user_50@example.com,76cca7a9-47db-4079-ad22-6a077ed605e6,262.65,e6777b42-9715-4f0b-ad9b-597b88699f1f,Song 137,Artist 17,Jazz,12.03
bacc9f5d-9ab2-4722-a7d9-823e849017f5,user_0,user_0@example.com,4d3e8692-0cff-40cc-81ed-8cf9e2cc3327,235.76,0957bb38-3e82-45dc-a1b7-2966baa5fd87,Song 88,Artist 8,Jazz,11.28
a722aafe-8a59-416e-984f-aa2a773ba32d,user_38,user_38@example.com,3d5929b9-230d-498c-a1aa-f22860bfc542,298.62,18655abc-d7af-4bc4-94ba-8402f1c748ca,Song 25,Artist 5,Jazz,7.84
a09eabfc-9d07-4966-9c8c-c85d55940402,user_78,user_78@example.com,cd147e46-196d-4e13-be9c-8bec98d8ca79,319.63,4558dc83-f1f7-4dfe-8b9a-cd10c55be3ca,Song 38,Artist 18,Electronic,11.87
a09eabfc-9d07-4966-9c8c-c85d55940402,user_78,user_78@example.com,cd147e46-196d-4e13-be9c-8bec98d8ca79,319.63,3aad537b-2156-4416-98f2-b9ee35c21da5,Song 29,Artist 9,Electronic,6.14
f94b651f-224a-460d-937c-1cc4a4932a49,user_27,user_27@example.com,532f49fb-b369-4208-b8ec-15602ca0857a,233.26,ab9f9eec-9cb6-4ab3-a5ad-bb74a7ef1bfc,Song 112,Artist 12,Jazz,14.57
b2caa2a3-2738-4bd3-ad7a-d3f4c43083e9,user_82,user_82@example.com,0bf94a8c-e681-4b4b-93d4-9034371b59b8,136.15,ddd96dac-f15b-4bb1-b590-e48085f87f62,Song 62,Artist 2,Electronic,11.85
72d56456-abea-4447-a7be-0af2a6fffab3,user_88,user_88@example.com,3a4129b3-31f2-4833-95ad-0d2fa6878a42,301.95,6f63eed6-1912-4b12-9ca5-c8ab9ff172db,Song 93,Artist 13,Rock,5.06
f4500229-0662-4256-94ed-d1216b58fd5d,user_90,user_90@example.com,ff941cd0-9652-462f-a7db-2e8703632635,93.16,9045a7c4-008e-4884-92a5-f1d8d9ff4e77,Song 197,Artist 17,Electronic,2.93
52654a62-f5ca-42fd-a87a-9647d0218bed,user_20,user_20@example.com,035458b7-4b2d-43a2-b530-a4a410918dc3,380.56,d8593cb7-91d4-4d1c-a022-26c7b8eb1ada,Song 52,Artist 12,Electronic,4.46
6cc2b853-4faf-4b65-ab01-fe9fdef8221b,user_22,user_22@example.com,0f67f8aa-cd6d-4ede-8c1d-3aed01c3876f,354.35,3a330ae4-bf07-4437-ac9b-ee9d75c4b6a9,Song 58,Artist 18,Pop,10.05
f239555d-3c3f-40a1-89e9-182b95deb061,user_4,user_4@example.com,9e643a42-e55f-41ca-931d-31a1e85fdc0e,319.28,0879e5a1-14a2-4a50-a7c6-fab796d48e7b,Song 154,Artist 14,Pop,15.48
f586cf8d-6307-4d83-9425-51d55a0b8e81,user_30,user_30@example.com,a002a909-6aa7-47e4-a9f0-f01d74a13df7,242.5,3719cdfb-7b02-4c7c-91c8-6bdc13b05bc2,Song 90,Artist 10,Rock,4.36
5bf3e1c4-7ec7-447d-a89d-01f0d17d7a30,user_12,user_12@example.com,ca209542-e12d-475f-9824-13e551d8ea53,292.19,e17fc559-789b-43ce-8a5e-ff0e1cda9f2a,Song 165,Artist 5,Jazz,7.17
6cc2b853-4faf-4b65-ab01-fe9fdef8221b,user_22,user_22@example.com,0f67f8aa-cd6d-4ede-8c1d-3aed01c3876f,354.35,90ba64ca-50f5-4791-8aad-cfdde79d245d,Song 46,Artist 6,Rock,2.66
bcb76878-86df-4b81-a1b5-97c67458073c,user_25,user_25@example.com,24866ecb-e0df-40a5-be3a-32bf0a69b41c,180.98,d7da124d-f4f0-48ff-a925-3ca9dc237525,Song 171,Artist 11,Pop,13.33
bd9cb0a6-2dbe-48fd-99e5-36c168b28898,user_56,user_56@example.com,33a8361f-3c4c-4ab9-9a52-de5d7567fb4c,496.35,9045a7c4-008e-4884-92a5-f1d8d9ff4e77,Song 197,Artist 17,Electronic,2.93
4b21679e-cd65-4481-97f1-37f69fb5a00f,user_46,user_46@example.com,a86459af-4ad6-4527-9028-ee25e79b0572,181.24,0d591a26-7a84-40e2-ac09-bdc0524edd6f,Song 23,Artist 3,Rock,14.65
b43275b3-ea7a-4c0f-a925-f7d65ef34fd1,user_40,user_40@example.com,fe2344e4-0b31-4ac9-a975-fb9c7d9a749c,223.88,a6e56e8d-2452-4a22-ba66-99fd5831bbf0,Song 176,Artist 16,Pop,9.3
bdd9bd5d-5ac5-4465-a49c-acd8281c0407,user_59,user_59@example.com,99849c90-5f2a-42fc-b268-128e3c17bc66,30.39,4fe1c4f3-6adf-4499-a9cd-e60d518e67cb,Song 89,Artist 9,Jazz,1.47
f239555d-3c3f-40a1-89e9-182b95deb061,user_4,user_4@example.com,9e643a42-e55f-41ca-931d-31a1e85fdc0e,319.28,a27bfe83-85d8-4213-b523-49828df21dff,Song 105,Artist 5,Rock,1.35
680305e9-e6cc-4a1b-acc7-dfc2263e95a1,user_94,user_94@example.com,4c9094b1-4038-4d69-beb2-ea23409434de,291.36,faaa1927-09aa-4be4-9f16-2ca20a08c32f,Song 170,Artist 10,Jazz,13.81
72d56456-abea-4447-a7be-0af2a6fffab3,user_88,user_88@example.com,3a4129b3-31f2-4833-95ad-0d2fa6878a42,301.95,1b07c1f2-4983-4f91-b122-0a176a8d7e65,Song 191,Artist 11,Jazz,12.25
4f428b57-c938-4983-8574-12b25e4ce0ee,user_2,user_2@example.com,dc3bb6cd-2c8d-4029-b977-f4fea4e1cda1,178.58,a6e56e8d-2452-4a22-ba66-99fd5831bbf0,Song 176,Artist 16,Pop,9.3
bd9cb0a6-2dbe-48fd-99e5-36c168b28898,user_56,user_56@example.com,33a8361f-3c4c-4ab9-9a52-de5d7567fb4c,496.35,7fb5b1c1-187a-4275-a303-01c033a18916,Song 26,Artist 6,Jazz,8.88
56f3d9d4-507c-41b8-8501-ce99bef2b23d,user_57,user_57@example.com,ebbf8bf1-d07f-4d79-8228-77062cc3cbf9,372.27,390d2dd7-5617-40b2-a9ee-7609aced87d6,Song 173,Artist 13,Rock,11.17
a1a35823-5afd-47c5-bc4b-d0687905aff3,user_53,user_53@example.com,cd5f1f30-db3b-443c-ac4d-5280d096adec,287.32,c3be8338-4cf4-49be-bdac-c7c4fcc941d7,Song 4,Artist 4,Jazz,9.36
e1a27ee5-4393-4d9d-89bb-7d242c4d0361,user_7,user_7@example.com,2b9dae43-66cb-4116-9680-a6933ecc7bff,127.39,0ef4e954-221d-4c48-9da7-53bc241d9501,Song 1,Artist 1,Pop,10.56
f4500229-0662-4256-94ed-d1216b58fd5d,user_90,user_90@example.com,ff941cd0-9652-462f-a7db-2e8703632635,93.16,856c9c9a-2587-48f0-a61f-30be521efff5,Song 37,Artist 17,Electronic,4.57
6edec490-38c7-4d77-8a98-6cbed129fbef,user_35,user_35@example.com,2df63195-68b5-4dcf-aaf3-ee98d581079f,69.31,c16a6e86-261f-47b5-8672-537831bc12de,Song 133,Artist 13,Pop,14.48
9ffaf078-3e21-4f51-a709-dda105cfa9d4,user_36,user_36@example.com,9dc115b4-8788-4a10-8416-f38b544d967c,238.61,4e85de8c-e1e6-41fe-ba7f-c4d604402089,Song 70,Artist 10,Pop,8.17
f586cf8d-6307-4d83-9425-51d55a0b8e81,user_30,user_30@example.com,a002a909-6aa7-47e4-a9f0-f01d74a13df7,242.5,fd1cffde-8ab8-4b17-a5d9-6d43fce0219f,Song 150,Artist 10,Electronic,9.59
0eb91322-2422-43f5-8578-efd06c74d26d,user_61,user_61@example.com,3f86983d-8a8f-45a5-b5f8-ba715968dca3,233.6,da874d7d-f63a-4977-9924-02994464140a,Song 79,Artist 19,Rock,10.11
86742079-e7db-4eb0-9d02-a66c18c448e1,user_1,user_1@example.com,2804a393-e116-46b2-a160-33013c86e89c,463.25,0ef4e954-221d-4c48-9da7-53bc241d9501,Song 1,Artist 1,Pop,10.56
14dbf60c-dd8f-4520-aa50-a9e0459034de,user_97,user_97@example.com,c1c89f2b-dd63-4194-a0d7-8bd8052c0ae2,126.45,e3a23c4c-7fac-4175-bda6-b2cc6acdd5f7,Song 110,Artist 10,Electronic,11.08
b67da619-e4bc-42cd-8bf4-d9ded6729158,user_81,user_81@example.com,275c0c72-aefb-416c-b197-df3421eb2d7d,436.49,f9f1bcea-b86a-48b2-a2dc-1caab7e9c9ff,Song 124,Artist 4,Jazz,7.76
b67da619-e4bc-42cd-8bf4-d9ded6729158,user_81,user_81@example.com,275c0c72-aefb-416c-b197-df3421eb2d7d,436.49,25b906b7-0557-4609-824c-c200d8309f53,Song 12,Artist 12,Pop,4.72
c6c4c519-1969-4236-bc9e-475077da8efa,user_71,user_71@example.com,49711198-6cb0-430e-84fc-28c60283f1d0,273.47,4efcf117-4d76-4316-ac43-c06fb1c75a5e,Song 107,Artist 7,Jazz,6.54
bcb76878-86df-4b81-a1b5-97c67458073c,user_25,user_25@example.com,24866ecb-e0df-40a5-be3a-32bf0a69b41c,180.98,d0431322-c235-43b0-b719-d378eba42ac9,Song 168,Artist 8,Rock,10.37
04a938f8-4e17-45fa-98b4-416b40a2b138,user_67,user_67@example.com,c482d468-0544-41ff-903f-2b8cc8257690,479.93,18655abc-d7af-4bc4-94ba-8402f1c748ca,Song 25,Artist 5,Jazz,7.84
db71e7dd-e3ca-4544-a101-fc953fd12de4,user_73,user_73@example.com,a27910be-178b-4112-a51a-aaa4fe103710,426.66,fbade4f8-99ef-480e-a90f-bc6b812c0c0f,Song 84,Artist 4,Pop,11.84
9dd2ca1d-810c-433c-ba02-1849b892b2bd,user_29,user_29@example.com,1425bbc2-d490-4d5f-a2d9-e17f923051b9,437.32,f4a2d80a-432c-45ab-8699-086cdb325ca2,Song 198,Artist 18,Jazz,5.3
5dee0afa-0256-4d13-ad33-11232be7fe52,user_34,user_34@example.com,48feb919-0ccb-4e77-b42a-88f8f1f1c083,248.05,a270fd6c-fa6d-4872-962b-bef601277d40,Song 177,Artist 17,Pop,8.7
32643c85-8ee5-4e1c-99b7-d235a20b1e9d,user_87,user_87@example.com,d9398a18-3aa5-4ccb-9a23-0e87e993b94c,195.14,51756dbc-07c3-4d4e-b4cf-ed8046ee663e,Song 22,Artist 2,Jazz,4.75
7f784d0e-64d7-493f-84a5-67324f644198,user_79,user_79@example.com,4c56935a-b7ed-4fb6-b7ac-5c8622bd8424,307.33,826cfc93-bcd5-404a-91fe-bdb7891c400a,Song 115,Artist 15,Jazz,15.58
b67da619-e4bc-42cd-8bf4-d9ded6729158,user_81,user_81@example.com,275c0c72-aefb-416c-b197-df3421eb2d7d,436.49,1d9a2078-5335-4994-8bbc-6f5d625117d5,Song 186,Artist 6,Rock,11.32
119c0181-dfc4-46f5-8de2-7b1d6084c889,user_47,user_47@example.com,ab8a39b6-0bf1-428b-befd-f4b4dcc1e059,152.44,008eabc7-4a7e-4348-9137-a658a95ccf19,Song 96,Artist 16,Electronic,6.22
92ecce5a-294e-4658-941a-5f2d66661c50,user_77,user_77@example.com,05ac083a-a96b-4907-93fb-bd3f56eb2883,325.12,2c56670a-1e03-4b82-8f39-f736fb42db28,Song 80,Artist 0,Rock,1.01
e2585ad7-6031-4944-a120-6a3e8f1b469d,user_51,user_51@example.com,266722c6-1a3e-4589-8f57-dc4bc52b61b7,201.22,bb6a3fed-01b7-488b-b4d6-b7712c698902,Song 59,Artist 19,Jazz,9.18
95f916ee-dc1b-4a47-bef6-4ec87b98142f,user_19,user_19@example.com,bc55c0b2-849b-4482-8863-c46a733b1030,26.52,56c8bbdf-1c8e-49cf-b3e8-addc52a65cb1,Song 72,Artist 12,Electronic,1.15
80f63cb3-118f-4132-bedf-c297efb250fe,user_42,user_42@example.com,dac6f077-eced-4b8c-9e33-10263030cff8,464.94,750d430d-26f4-40f3-b5a5-cb536ac83dae,Song 61,Artist 1,Rock,14.95
347a29cf-91bd-4903-a2ec-4c524a2e82a4,user_10,user_10@example.com,32262bfb-d5a4-4e75-b120-1811452f145f,11.88,856c9c9a-2587-48f0-a61f-30be521efff5,Song 37,Artist 17,Electronic,4.57
fb1cc971-3210-4dda-914b-b4f1498b088b,user_83,user_83@example.com,b71bad17-6103-48ab-9a5b-d76f8a69e43b,490.25,b78fb09b-2a3c-465f-8998-dea97e9f926e,Song 182,Artist 2,Electronic,14.4
27dd5e02-85b9-4b44-8470-c68bdf69caf7,user_52,user_52@example.com,0912f14a-1a80-4389-95a4-d11d7dafb5bc,451.98,0415de07-c574-48d3-97f3-4a65e9084e97,Song 118,Artist 18,Rock,12.31
bacc9f5d-9ab2-4722-a7d9-823e849017f5,user_0,user_0@example.com,4d3e8692-0cff-40cc-81ed-8cf9e2cc3327,235.76,234933bd-b27b-49cd-b2c9-7bcf9f1512a5,Song 5,Artist 5,Rock,10.04
ca5243b8-af39-4240-9329-641467eaaa32,user_63,user_63@example.com,82542883-7ebd-45cd-aac5-99a7b1ad4a1c,426.41,a9bcca72-fb76-4368-a714-f1b5e7f6ce81,Song 6,Artist 6,Pop,8.07
0f9edd76-f58a-4c84-88e5-435569c86618,user_69,user_69@example.com,cef3fdee-bed7-4371-b320-5dbc8089d643,46.23,658f0a0c-c2d3-4c4a-bfe4-d194ac454474,Song 69,Artist 9,Electronic,10.77
bf3550da-3037-455a-88d6-4858704f911f,user_74,user_74@example.com,f0ecce89-f227-4939-a225-db072d14bbfe,356.04,e6b34bdb-d5be-493f-b5b3-798e84e3b4da,Song 166,Artist 6,Pop,11.41
42f5859f-840a-4ef6-bffa-8c709c574e02,user_84,user_84@example.com,54ea74b3-b46d-43a6-afc5-1e6c3781a5d1,126.32,19c6f33b-c111-4547-8f88-32e5560fc120,Song 98,Artist 18,Pop,12.82
1420279d-39e6-45d8-9055-abbff3d67f64,user_45,user_45@example.com,dd486e82-75ac-4279-9c57-8147b0d9779a,114.04,a9bcca72-fb76-4368-a714-f1b5e7f6ce81,Song 6,Artist 6,Pop,8.07
52654a62-f5ca-42fd-a87a-9647d0218bed,user_20,user_20@example.com,035458b7-4b2d-43a2-b530-a4a410918dc3,380.56,e3a23c4c-7fac-4175-bda6-b2cc6acdd5f7,Song 110,Artist 10,Electronic,11.08
6cc2b853-4faf-4b65-ab01-fe9fdef8221b,user_22,user_22@example.com,0f67f8aa-cd6d-4ede-8c1d-3aed01c3876f,354.35,2021efb7-77a7-4ac6-920a-fd30941c104c,Song 40,Artist 0,Electronic,8.99
86742079-e7db-4eb0-9d02-a66c18c448e1,user_1,user_1@example.com,2804a393-e116-46b2-a160-33013c86e89c,463.25,bed57808-062b-4508-b272-20f17727ded9,Song 187,Artist 7,Jazz,11.48
01a8ad0c-6d5d-4054-8cca-7f66b82e15db,user_11,user_11@example.com,a1a967ae-174f-49bb-b751-4a70b77fb816,43.12,dfcc1d2b-0961-4c86-8865-08756fee617a,Song 0,Artist 0,Pop,1.64
b29b0acb-8009-43a2-adf1-d7f543e28524,user_41,user_41@example.com,2ac9a54c-7a3f-4970-bef6-00f7d8767aa4,118.87,dbfea75c-fff7-4ec5-be51-c48ec2075bc4,Song 167,Artist 7,Pop,15.94
9c9b32e3-796e-4c07-a1f8-eb82d772a9bb,user_93,user_93@example.com,91f43786-67c2-4229-af8d-877849178f80,399.65,d44b98db-896d-4b93-ba6f-b10a71740aa2,Song 81,Artist 1,Jazz,2.11
5bf3e1c4-7ec7-447d-a89d-01f0d17d7a30,user_12,user_12@example.com,ca209542-e12d-475f-9824-13e551d8ea53,292.19,f8e82a40-4835-4896-af7a-d5aa3930e436,Song 145,Artist 5,Electronic,1.48
0ff248ce-d66b-49ed-ba6f-87c1511aebd0,user_43,user_43@example.com,b17e9bd3-3a5a-494d-ad9c-2977548a3673,225.3,511c8491-9b6a-4b82-8837-2f0c38734549,Song 42,Artist 2,Electronic,11.07
d2f795cd-fbf3-4d67-a77a-a6c35819bed5,user_76,user_76@example.com,a20f1e78-9427-471e-a04e-2214a8b6e617,24.17,e2bc0a33-e86d-4f27-86a9-32a7c13e9bc3,Song 138,Artist 18,Jazz,7.81
e69559ef-f69e-4359-aa06-9912421e0367,user_37,user_37@example.com,7a1ae2d5-f921-4a66-ad0d-5f5577c6c6a8,154.47,623d8a20-3f66-4c96-b0da-d799dcfa6ae3,Song 146,Artist 6,Rock,2.58
aa44286a-184d-4ee3-a2c8-907bf503c2ef,user_68,user_68@example.com,7d06a94b-b30c-4133-b6ea-e638f9e48df2,33.15,bdbddd83-2173-49e6-acd7-528ffcd0f6a1,Song 54,Artist 14,Electronic,7.24
3b748d0d-d688-490a-830e-91bc564720cf,user_64,user_64@example.com,ee5ac602-2cb1-44ac-88df-167fb35b680d,24.92,dfcc1d2b-0961-4c86-8865-08756fee617a,Song 0,Artist 0,Pop,1.64
b2caa2a3-2738-4bd3-ad7a-d3f4c43083e9,user_82,user_82@example.com,0bf94a8c-e681-4b4b-93d4-9034371b59b8,136.15,11a1551b-28e4-46b7-8fe7-a602db95fcff,Song 125,Artist 5,Electronic,2.36
42f5859f-840a-4ef6-bffa-8c709c574e02,user_84,user_84@example.com,54ea74b3-b46d-43a6-afc5-1e6c3781a5d1,126.32,ccf5cec7-38a4-4cb9-a33c-71d0c647278e,Song 155,Artist 15,Pop,2.81
2e94fc08-1c17-426c-9d8f-26ac3bf92686,user_5,user_5@example.com,8dbe1a1a-f62a-4f84-815a-b888cdfefd03,106.13,c96deef8-5707-470e-91e2-c10b13e8e7ac,Song 45,Artist 5,Jazz,11.04
163d3f2a-928c-4827-a9d1-0d55cf2ba733,user_31,user_31@example.com,9abfd5d5-e676-43a0-ad46-8b1d283d9be4,482.06,ccce8818-402a-4b5b-9943-9a758254a2ba,Song 147,Artist 7,Pop,7.19
5bab74e5-0d38-425a-82d6-bfdbf2b83e44,user_55,user_55@example.com,82db2c34-7fbe-4f2a-9892-40fc8b9ace6a,460.23,a49bd760-c70d-4dec-9d9e-34ef5345134d,Song 94,Artist 14,Pop,13.01
0c90a684-2529-4681-b188-d200225d69a1,user_13,user_13@example.com,4d42b0dd-fb63-48a5-b0a0-0064dd6a57b8,291.09,faaa1927-09aa-4be4-9f16-2ca20a08c32f,Song 170,Artist 10,Jazz,13.81
aa44286a-184d-4ee3-a2c8-907bf503c2ef,user_68,user_68@example.com,7d06a94b-b30c-4133-b6ea-e638f9e48df2,33.15,66efb4df-0b10-4f5a-815e-3b8e56073330,Song 41,Artist 1,Rock,14.58
b43275b3-ea7a-4c0f-a925-f7d65ef34fd1,user_40,user_40@example.com,fe2344e4-0b31-4ac9-a975-fb9c7d9a749c,223.88,45c118fb-8fc1-466d-acbd-b16cc36502aa,Song 122,Artist 2,Rock,2.57
b2caa2a3-2738-4bd3-ad7a-d3f4c43083e9,user_82,user_82@example.com,0bf94a8c-e681-4b4b-93d4-9034371b59b8,136.15,eb6779d8-520c-4f7f-8021-192e2031d275,Song 143,Artist 3,Pop,6.23
0c90a684-2529-4681-b188-d200225d69a1,user_13,user_13@example.com,4d42b0dd-fb63-48a5-b0a0-0064dd6a57b8,291.09,355ff1da-1c6d-4d48-81bf-5dbf59d1ca16,Song 24,Artist 4,Electronic,15.2
9c9b32e3-796e-4c07-a1f8-eb82d772a9bb,user_93,user_93@example.com,91f43786-67c2-4229-af8d-877849178f80,399.65,a8c5b695-a09d-4759-8960-55665e1b3882,Song 74,Artist 14,Pop,1.53
b67da619-e4bc-42cd-8bf4-d9ded6729158,user_81,user_81@example.com,275c0c72-aefb-416c-b197-df3421eb2d7d,436.49,a9bcca72-fb76-4368-a714-f1b5e7f6ce81,Song 6,Artist 6,Pop,8.07
3b748d0d-d688-490a-830e-91bc564720cf,user_64,user_64@example.com,ee5ac602-2cb1-44ac-88df-167fb35b680d,24.92,bed57808-062b-4508-b272-20f17727ded9,Song 187,Artist 7,Jazz,11.48
1bdd7e34-bf5f-4df4-bcdc-d8cbdf3a75ba,user_92,user_92@example.com,e639fce7-399a-4bb8-a881-e1e943b84b64,29.28,5ab521c4-dd3a-4fc0-b415-350793e35de2,Song 18,Artist 18,Jazz,2.56
b29b0acb-8009-43a2-adf1-d7f543e28524,user_41,user_41@example.com,2ac9a54c-7a3f-4970-bef6-00f7d8767aa4,118.87,1561ce45-08c1-4044-a25f-e5104c3cd06a,Song 31,Artist 11,Rock,1.86
e01f6194-2d7a-4959-9f0e-d4899c210b5c,user_60,user_60@example.com,51f4db68-97d0-4288-a53d-75816623830b,323.28,cd5d993a-0fe5-46a4-9c06-32cf38ed32c3,Song 192,Artist 12,Electronic,2.28
e2585ad7-6031-4944-a120-6a3e8f1b469d,user_51,user_51@example.com,266722c6-1a3e-4589-8f57-dc4bc52b61b7,201.22,9798c44e-c826-4588-a838-c5a350ccfe8c,Song 67,Artist 7,Pop,8.79
680305e9-e6cc-4a1b-acc7-dfc2263e95a1,user_94,user_94@example.com,4c9094b1-4038-4d69-beb2-ea23409434de,291.36,f5f5a4f5-b8fd-4382-9913-caa7f5b93b96,Song 179,Artist 19,Pop,14.61
9c9b32e3-796e-4c07-a1f8-eb82d772a9bb,user_93,user_93@example.com,91f43786-67c2-4229-af8d-877849178f80,399.65,f71643b8-3f65-4c0b-98b6-88bbf382dca2,Song 77,Artist 17,Electronic,10.29
afa2fa55-4a1f-4d1e-a549-133cb0aa1341,user_75,user_75@example.com,bf53c31e-1242-43f5-9b13-87beb65abf92,364.56,e6777b42-9715-4f0b-ad9b-597b88699f1f,Song 137,Artist 17,Jazz,12.03
c6c4c519-1969-4236-bc9e-475077da8efa,user_71,user_71@example.com,49711198-6cb0-430e-84fc-28c60283f1d0,273.47,05c9f7b4-f5dc-4acf-9ca9-bdef0e4ca10b,Song 185,Artist 5,Jazz,7.21
b2caa2a3-2738-4bd3-ad7a-d3f4c43083e9,user_82,user_82@example.com,0bf94a8c-e681-4b4b-93d4-9034371b59b8,136.15,bed57808-062b-4508-b272-20f17727ded9,Song 187,Artist 7,Jazz,11.48
80f63cb3-118f-4132-bedf-c297efb250fe,user_42,user_42@example.com,dac6f077-eced-4b8c-9e33-10263030cff8,464.94,4558dc83-f1f7-4dfe-8b9a-cd10c55be3ca,Song 38,Artist 18,Electronic,11.87
9dd2ca1d-810c-433c-ba02-1849b892b2bd,user_29,user_29@example.com,1425bbc2-d490-4d5f-a2d9-e17f923051b9,437.32,dcd7af11-3a0e-453b-9e2c-805ac08df68d,Song 199,Artist 19,Jazz,3.36
347a29cf-91bd-4903-a2ec-4c524a2e82a4,user_10,user_10@example.com,32262bfb-d5a4-4e75-b120-1811452f145f,11.88,bdbddd83-2173-49e6-acd7-528ffcd0f6a1,Song 54,Artist 14,Electronic,7.24
6eeaf898-3bf6-4184-9836-88c1d3da5a1a,user_85,user_85@example.com,7d69b436-eb13-4662-b17f-c79ff8326d99,209.07,1d9a2078-5335-4994-8bbc-6f5d625117d5,Song 186,Artist 6,Rock,11.32
0c90a684-2529-4681-b188-d200225d69a1,user_13,user_13@example.com,4d42b0dd-fb63-48a5-b0a0-0064dd6a57b8,291.09,1bb6f453-6cdc-47f3-8255-68cc5ebd1d57,Song 157,Artist 17,Jazz,7.93
56f3d9d4-507c-41b8-8501-ce99bef2b23d,user_57,user_57@example.com,ebbf8bf1-d07f-4d79-8228-77062cc3cbf9,372.27,686a1146-eda8-41db-b6e8-63538ce6a8dd,Song 190,Artist 10,Jazz,11.19
a722aafe-8a59-416e-984f-aa2a773ba32d,user_38,user_38@example.com,3d5929b9-230d-498c-a1aa-f22860bfc542,298.62,390d2dd7-5617-40b2-a9ee-7609aced87d6,Song 173,Artist 13,Rock,11.17
e1a8c706-a088-4144-9c12-4151d9c0ae03,user_70,user_70@example.com,2c0ac1af-e8f3-44ee-ad71-4ca508b469fc,332.05,3719cdfb-7b02-4c7c-91c8-6bdc13b05bc2,Song 90,Artist 10,Rock,4.36
a09eabfc-9d07-4966-9c8c-c85d55940402,user_78,user_78@example.com,cd147e46-196d-4e13-be9c-8bec98d8ca79,319.63,aba28d96-dd74-48d4-a33e-9c9cc12b9617,Song 164,Artist 4,Rock,9.29
0eb91322-2422-43f5-8578-efd06c74d26d,user_61,user_61@example.com,3f86983d-8a8f-45a5-b5f8-ba715968dca3,233.6,eb6779d8-520c-4f7f-8021-192e2031d275,Song 143,Artist 3,Pop,6.23
fb1cc971-3210-4dda-914b-b4f1498b088b,user_83,user_83@example.com,b71bad17-6103-48ab-9a5b-d76f8a69e43b,490.25,1f56df2f-980a-4de2-baae-543fc09f95ab,Song 14,Artist 14,Jazz,9.63
a5e4b011-d948-490b-9e66-d8b7c5c0814f,user_16,user_16@example.com,36709bba-58d5-45eb-8e26-ba1ca03e9b18,325.64,626d9c7e-0f78-436e-9333-7d28f4b523dc,Song 68,Artist 8,Pop,6.14
6edec490-38c7-4d77-8a98-6cbed129fbef,user_35,user_35@example.com,2df63195-68b5-4dcf-aaf3-ee98d581079f,69.31,526e9896-bf4f-401a-ad38-74e076b423ef,Song 30,Artist 10,Pop,5.37
a5e4b011-d948-490b-9e66-d8b7c5c0814f,user_16,user_16@example.com,36709bba-58d5-45eb-8e26-ba1ca03e9b18,325.64,a8c5b695-a09d-4759-8960-55665e1b3882,Song 74,Artist 14,Pop,1.53
fb1cc971-3210-4dda-914b-b4f1498b088b,user_83,user_83@example.com,b71bad17-6103-48ab-9a5b-d76f8a69e43b,490.25,6953521c-4795-449e-b8bc-c86d49c89a79,Song 111,Artist 11,Pop,13.88
5dee0afa-0256-4d13-ad33-11232be7fe52,user_34,user_34@example.com,48feb919-0ccb-4e77-b42a-88f8f1f1c083,248.05,0879e5a1-14a2-4a50-a7c6-fab796d48e7b,Song 154,Artist 14,Pop,15.48
c8a15071-e9c7-4c5e-b0b8-4feefa2b3de0,user_95,user_95@example.com,93337843-0af6-4511-903d-2b4edfb98c7c,497.18,70e94a20-ff21-440e-87da-2d698c9f2161,Song 13,Artist 13,Pop,9.41
0eb91322-2422-43f5-8578-efd06c74d26d,user_61,user_61@example.com,3f86983d-8a8f-45a5-b5f8-ba715968dca3,233.6,9fe39427-ef27-4561-8140-30123a029e4b,Song 142,Artist 2,Electronic,2.74
4c568930-3632-41ed-ab4e-9d261b92edba,user_8,user_8@example.com,87cd4032-ab6d-429d-9e5a-179d96cf820d,132.51,ccce8818-402a-4b5b-9943-9a758254a2ba,Song 147,Artist 7,Pop,7.19
ca5243b8-af39-4240-9329-641467eaaa32,user_63,user_63@example.com,82542883-7ebd-45cd-aac5-99a7b1ad4a1c,426.41,b67ec4b1-dcde-4fc6-a7a1-142d31fb69cf,Song 32,Artist 12,Electronic,3.01
b29b0acb-8009-43a2-adf1-d7f543e28524,user_41,user_41@example.com,2ac9a54c-7a3f-4970-bef6-00f7d8767aa4,118.87,faaa1927-09aa-4be4-9f16-2ca20a08c32f,Song 170,Artist 10,Jazz,13.81
bf3550da-3037-455a-88d6-4858704f911f,user_74,user_74@example.com,f0ecce89-f227-4939-a225-db072d14bbfe,356.04,ffb7e929-3c8a-4f5d-ae65-0c2004558e88,Song 101,Artist 1,Jazz,14.67
bcb76878-86df-4b81-a1b5-97c67458073c,user_25,user_25@example.com,24866ecb-e0df-40a5-be3a-32bf0a69b41c,180.98,ed3e6881-099c-4155-9941-05aef534516d,Song 149,Artist 9,Electronic,15.87
c6c4c519-1969-4236-bc9e-475077da8efa,user_71,user_71@example.com,49711198-6cb0-430e-84fc-28c60283f1d0,273.47,4efcf117-4d76-4316-ac43-c06fb1c75a5e,Song 107,Artist 7,Jazz,6.54
4c462a9c-81f2-48d5-9ca5-2db98c8c9355,user_6,user_6@example.com,157a5e1f-31e3-4264-92fb-e38cc91123b4,126.61,ffb7e929-3c8a-4f5d-ae65-0c2004558e88,Song 101,Artist 1,Jazz,14.67
92ecce5a-294e-4658-941a-5f2d66661c50,user_77,user_77@example.com,05ac083a-a96b-4907-93fb-bd3f56eb2883,325.12,a8c5b695-a09d-4759-8960-55665e1b3882,Song 74,Artist 14,Pop,1.53
f006deb0-668d-4b52-8e84-2004a133a168,user_99,user_99@example.com,33146dca-d6d0-4aa9-9846-91f2735b6d7b,178.64,e6b34bdb-d5be-493f-b5b3-798e84e3b4da,Song 166,Artist 6,Pop,11.41
f239555d-3c3f-40a1-89e9-182b95deb061,user_4,user_4@example.com,9e643a42-e55f-41ca-931d-31a1e85fdc0e,319.28,e2bc0a33-e86d-4f27-86a9-32a7c13e9bc3,Song 138,Artist 18,Jazz,7.81
5bab74e5-0d38-425a-82d6-bfdbf2b83e44,user_55,user_55@example.com,82db2c34-7fbe-4f2a-9892-40fc8b9ace6a,460.23,7b7a5606-10a0-4833-9e4e-9ad6bc004879,Song 9,Artist 9,Jazz,10.85
0ff248ce-d66b-49ed-ba6f-87c1511aebd0,user_43,user_43@example.com,b17e9bd3-3a5a-494d-ad9c-2977548a3673,225.3,fbba427c-2986-409d-8251-c0d9b2d36880,Song 3,Artist 3,Rock,7.63
3b748d0d-d688-490a-830e-91bc564720cf,user_64,user_64@example.com,ee5ac602-2cb1-44ac-88df-167fb35b680d,24.92,3aad537b-2156-4416-98f2-b9ee35c21da5,Song 29,Artist 9,Electronic,6.14
2e3e5798-4a9f-4268-a80d-3551a9e1843b,user_23,user_23@example.com,f03c5971-a27a-444b-bbed-1267ded77074,277.02,c5f1f553-cdc6-46ff-a1ff-21a0fb0323a1,Song 56,Artist 16,Jazz,14.01
0f9edd76-f58a-4c84-88e5-435569c86618,user_69,user_69@example.com,cef3fdee-bed7-4371-b320-5dbc8089d643,46.23,aba28d96-dd74-48d4-a33e-9c9cc12b9617,Song 164,Artist 4,Rock,9.29
a1a35823-5afd-47c5-bc4b-d0687905aff3,user_53,user_53@example.com,cd5f1f30-db3b-443c-ac4d-5280d096adec,287.32,485d9deb-0ece-4f68-a867-e1046aaa6955,Song 21,Artist 1,Pop,14.89
94130455-b282-4198-886c-f4b0661187a7,user_98,user_98@example.com,c0cfccce-2c7c-4e50-aaa7-3468cc9c07df,79.36,03ced980-e5e3-4234-93a2-99529032b3f8,Song 97,Artist 17,Rock,15.18
95f916ee-dc1b-4a47-bef6-4ec87b98142f,user_19,user_19@example.com,bc55c0b2-849b-4482-8863-c46a733b1030,26.52,726fd9dc-e442-414b-a0ab-6db5592c6a46,Song 181,Artist 1,Jazz,4.19
9dd2ca1d-810c-433c-ba02-1849b892b2bd,user_29,user_29@example.com,1425bbc2-d490-4d5f-a2d9-e17f923051b9,437.32,03ced980-e5e3-4234-93a2-99529032b3f8,Song 97,Artist 17,Rock,15.18
aa44286a-184d-4ee3-a2c8-907bf503c2ef,user_68,user_68@example.com,7d06a94b-b30c-4133-b6ea-e638f9e48df2,33.15,905e45fc-c321-499a-8c57-a7ea08522003,Song 172,Artist 12,Rock,14.19
f276973f-fc54-4183-8842-dfaf0f3e204d,user_80,user_80@example.com,f43558a0-caca-4033-85c1-659a7982846c,66.53,94a442b9-741d-4a2f-8576-5922fcbbddb7,Song 85,Artist 5,Rock,14.85
bd9cb0a6-2dbe-48fd-99e5-36c168b28898,user_56,user_56@example.com,33a8361f-3c4c-4ab9-9a52-de5d7567fb4c,496.35,79f01903-125e-4890-bd2e-149c45de7ceb,Song 71,Artist 11,Electronic,15.31
a722aafe-8a59-416e-984f-aa2a773ba32d,user_38,user_38@example.com,3d5929b9-230d-498c-a1aa-f22860bfc542,298.62,4fd81aa5-9ba7-463a-a265-728f218eafe9,Song 193,Artist 13,Pop,5.48
e1a8c706-a088-4144-9c12-4151d9c0ae03,user_70,user_70@example.com,2c0ac1af-e8f3-44ee-ad71-4ca508b469fc,332.05,e6c8870e-ddd7-4a2e-b5a1-cbb094cfc508,Song 39,Artist 19,Pop,1.63
3b748d0d-d688-490a-830e-91bc564720cf,user_64,user_64@example.com,ee5ac602-2cb1-44ac-88df-167fb35b680d,24.92,75e7b0f8-217d-41d4-b277-6543e8f287a0,Song 57,Artist 17,Jazz,8.41
92ecce5a-294e-4658-941a-5f2d66661c50,user_77,user_77@example.com,05ac083a-a96b-4907-93fb-bd3f56eb2883,325.12,59d38e43-5586-4cbf-9c22-1bd04dc7e13e,Song 104,Artist 4,Pop,9.1
80f63cb3-118f-4132-bedf-c297efb250fe,user_42,user_42@example.com,dac6f077-eced-4b8c-9e33-10263030cff8,464.94,0c10e2de-2879-4cb0-b10c-8be77723e879,Song 100,Artist 0,Pop,10.93
a1a35823-5afd-47c5-bc4b-d0687905aff3,user_53,user_53@example.com,cd5f1f30-db3b-443c-ac4d-5280d096adec,287.32,4558dc83-f1f7-4dfe-8b9a-cd10c55be3ca,Song 38,Artist 18,Electronic,11.87
95f916ee-dc1b-4a47-bef6-4ec87b98142f,user_19,user_19@example.com,bc55c0b2-849b-4482-8863-c46a733b1030,26.52,4efcf117-4d76-4316-ac43-c06fb1c75a5e,Song 107,Artist 7,Jazz,6.54
b43275b3-ea7a-4c0f-a925-f7d65ef34fd1,user_40,user_40@example.com,fe2344e4-0b31-4ac9-a975-fb9c7d9a749c,223.88,a52c27f5-a78f-4dbe-832c-1f1b304ac630,Song 156,Artist 16,Jazz,11.69
bacc9f5d-9ab2-4722-a7d9-823e849017f5,user_0,user_0@example.com,4d3e8692-0cff-40cc-81ed-8cf9e2cc3327,235.76,9fe39427-ef27-4561-8140-30123a029e4b,Song 142,Artist 2,Electronic,2.74
ec461be4-4daf-423f-80d6-fd0ba235f9c7,user_48,user_48@example.com,255feff2-5b74-435e-a36b-f5fd24efc4e7,424.92,a0203e1f-951a-4377-abe9-02fbffb870f5,Song 129,Artist 9,Jazz,4.47
5bab74e5-0d38-425a-82d6-bfdbf2b83e44,user_55,user_55@example.com,82db2c34-7fbe-4f2a-9892-40fc8b9ace6a,460.23,0c10e2de-2879-4cb0-b10c-8be77723e879,Song 100,Artist 0,Pop,10.93
13cf1c04-c6e3-403d-ad1d-a8f4dbe19a55,user_18,user_18@example.com,0629c27a-9aa6-475c-bed8-9869269a663e,90.66,008eabc7-4a7e-4348-9137-a658a95ccf19,Song 96,Artist 16,Electronic,6.22
3b748d0d-d688-490a-830e-91bc564720cf,user_64,user_64@example.com,ee5ac602-2cb1-44ac-88df-167fb35b680d,24.92,fa245b29-5a11-461c-89b9-392deae4b48d,Song 64,Artist 4,Jazz,12.42
163d3f2a-928c-4827-a9d1-0d55cf2ba733,user_31,user_31@example.com,9abfd5d5-e676-43a0-ad46-8b1d283d9be4,482.06,6d9afff1-ae1a-468b-8cf5-4e631b65fee4,Song 140,Artist 0,Pop,5.2
f94b651f-224a-460d-937c-1cc4a4932a49,user_27,user_27@example.com,532f49fb-b369-4208-b8ec-15602ca0857a,233.26,d5310e46-ef9c-4c7f-a386-c357155b968d,Song 47,Artist 7,Pop,15.58
163d3f2a-928c-4827-a9d1-0d55cf2ba733,user_31,user_31@example.com,9abfd5d5-e676-43a0-ad46-8b1d283d9be4,482.06,9b1f4c7e-40dc-41ca-899c-5775be4112fd,Song 78,Artist 18,Rock,6.3
56f3d9d4-507c-41b8-8501-ce99bef2b23d,user_57,user_57@example.com,ebbf8bf1-d07f-4d79-8228-77062cc3cbf9,372.27,17f197da-6fa3-40f3-a881-1b8e43ef8556,Song 144,Artist 4,Pop,8.77
fb1cc971-3210-4dda-914b-b4f1498b088b,user_83,user_83@example.com,b71bad17-6103-48ab-9a5b-d76f8a69e43b,490.25,e2bc0a33-e86d-4f27-86a9-32a7c13e9bc3,Song 138,Artist 18,Jazz,7.81
6edec490-38c7-4d77-8a98-6cbed129fbef,user_35,user_35@example.com,2df63195-68b5-4dcf-aaf3-ee98d581079f,69.31,81abbe14-90ec-4ca8-9c1c-070517c7a8cd,Song 175,Artist 15,Jazz,4.39
52654a62-f5ca-42fd-a87a-9647d0218bed,user_20,user_20@example.com,035458b7-4b2d-43a2-b530-a4a410918dc3,380.56,cd5d993a-0fe5-46a4-9c06-32cf38ed32c3,Song 192,Artist 12,Electronic,2.28
f94b651f-224a-460d-937c-1cc4a4932a49,user_27,user_27@example.com,532f49fb-b369-4208-b8ec-15602ca0857a,233.26,630dc38e-90c1-4149-8969-3433f114d9f1,Song 106,Artist 6,Jazz,2.09
a09eabfc-9d07-4966-9c8c-c85d55940402,user_78,user_78@example.com,cd147e46-196d-4e13-be9c-8bec98d8ca79,319.63,e4623012-f31d-42fb-8922-a4010439323a,Song 180,Artist 0,Pop,1.54
b2dfa26e-6c29-4b95-ab16-06e4ec35bc58,user_65,user_65@example.com,3b08562d-2ceb-475a-945e-f3bdda6289a1,464.15,c5f1f553-cdc6-46ff-a1ff-21a0fb0323a1,Song 56,Artist 16,Jazz,14.01
119c0181-dfc4-46f5-8de2-7b1d6084c889,user_47,user_47@example.com,ab8a39b6-0bf1-428b-befd-f4b4dcc1e059,152.44,ca7494c0-994c-44f4-9e13-1b1e87b284cc,Song 20,Artist 0,Pop,8.92
bcb76878-86df-4b81-a1b5-97c67458073c,user_25,user_25@example.com,24866ecb-e0df-40a5-be3a-32bf0a69b41c,180.98,beef5e34-e58b-4611-bdee-b0c1552c5c7a,Song 11,Artist 11,Pop,3.75
680305e9-e6cc-4a1b-acc7-dfc2263e95a1,user_94,user_94@example.com,4c9094b1-4038-4d69-beb2-ea23409434de,291.36,6e11084f-8634-4570-aee5-91dcd99018b0,Song 132,Artist 12,Electronic,10.01
b2caa2a3-2738-4bd3-ad7a-d3f4c43083e9,user_82,user_82@example.com,0bf94a8c-e681-4b4b-93d4-9034371b59b8,136.15,e6b34bdb-d5be-493f-b5b3-798e84e3b4da,Song 166,Artist 6,Pop,11.41
a1a35823-5afd-47c5-bc4b-d0687905aff3,user_53,user_53@example.com,cd5f1f30-db3b-443c-ac4d-5280d096adec,287.32,686a1146-eda8-41db-b6e8-63538ce6a8dd,Song 190,Artist 10,Jazz,11.19
bd9cb0a6-2dbe-48fd-99e5-36c168b28898,user_56,user_56@example.com,33a8361f-3c4c-4ab9-9a52-de5d7567fb4c,496.35,626d9c7e-0f78-436e-9333-7d28f4b523dc,Song 68,Artist 8,Pop,6.14
c8a15071-e9c7-4c5e-b0b8-4feefa2b3de0,user_95,user_95@example.com,93337843-0af6-4511-903d-2b4edfb98c7c,497.18,9f3a862e-e2e5-4324-a6fe-b7aa5a76e4da,Song 50,Artist 10,Pop,7.44
00070552-838d-47f5-ad7d-d6678d769d2f,user_72,user_72@example.com,ef3eb137-c64d-4c22-906a-4ce316ad4fe6,83.24,fbba427c-2986-409d-8251-c0d9b2d36880,Song 3,Artist 3,Rock,7.63
6eeaf898-3bf6-4184-9836-88c1d3da5a1a,user_85,user_85@example.com,7d69b436-eb13-4662-b17f-c79ff8326d99,209.07,686a1146-eda8-41db-b6e8-63538ce6a8dd,Song 190,Artist 10,Jazz,11.19
56f3d9d4-507c-41b8-8501-ce99bef2b23d,user_57,user_57@example.com,ebbf8bf1-d07f-4d79-8228-77062cc3cbf9,372.27,beef5e34-e58b-4611-bdee-b0c1552c5c7a,Song 11,Artist 11,Pop,3.75
d81f8e26-c977-42d8-a983-7dca07cf6568,user_24,user_24@example.com,02f32efc-6647-4b49-9e5a-a92feb583644,422.08,f9859796-6a11-4c17-9586-a9218036194a,Song 99,Artist 19,Pop,14.75
a1a35823-5afd-47c5-bc4b-d0687905aff3,user_53,user_53@example.com,cd5f1f30-db3b-443c-ac4d-5280d096adec,287.32,d2bcda26-62c2-47aa-a840-fae944bf7087,Song 102,Artist 2,Jazz,14.09
5eeb8472-8c23-4bac-863e-b8b14848aef8,user_91,user_91@example.com,c0e6f628-157d-4762-acf5-1edad6c5d6b9,328.05,008eabc7-4a7e-4348-9137-a658a95ccf19,Song 96,Artist 16,Electronic,6.22
8f9d061c-a48e-4f8f-9650-5413126faba8,user_96,user_96@example.com,88d40f4f-03e4-410c-a4ac-6e4e705d6314,386.76,e2bc0a33-e86d-4f27-86a9-32a7c13e9bc3,Song 138,Artist 18,Jazz,7.81
6eeaf898-3bf6-4184-9836-88c1d3da5a1a,user_85,user_85@example.com,7d69b436-eb13-4662-b17f-c79ff8326d99,209.07,ca7affdd-faa7-4004-a852-e075a24ddab7,Song 8,Artist 8,Pop,12.61
b2dfa26e-6c29-4b95-ab16-06e4ec35bc58,user_65,user_65@example.com,3b08562d-2ceb-475a-945e-f3bdda6289a1,464.15,4c711ba9-bf5b-4eb6-81f0-596e74ac563f,Song 116,Artist 16,Pop,8.73
9c9b32e3-796e-4c07-a1f8-eb82d772a9bb,user_93,user_93@example.com,91f43786-67c2-4229-af8d-877849178f80,399.65,ddd96dac-f15b-4bb1-b590-e48085f87f62,Song 62,Artist 2,Electronic,11.85
bacc9f5d-9ab2-4722-a7d9-823e849017f5,user_0,user_0@example.com,4d3e8692-0cff-40cc-81ed-8cf9e2cc3327,235.76,390d2dd7-5617-40b2-a9ee-7609aced87d6,Song 173,Artist 13,Rock,11.17
80f63cb3-118f-4132-bedf-c297efb250fe,user_42,user_42@example.com,dac6f077-eced-4b8c-9e33-10263030cff8,464.94,40a1736f-db25-424a-a6e5-6bfb27c4e8d9,Song 189,Artist 9,Electronic,2.87
9c9b32e3-796e-4c07-a1f8-eb82d772a9bb,user_93,user_93@example.com,91f43786-67c2-4229-af8d-877849178f80,399.65,9045a7c4-008e-4884-92a5-f1d8d9ff4e77,Song 197,Artist 17,Electronic,2.93
a5e4b011-d948-490b-9e66-d8b7c5c0814f,user_16,user_16@example.com,36709bba-58d5-45eb-8e26-ba1ca03e9b18,325.64,e17fc559-789b-43ce-8a5e-ff0e1cda9f2a,Song 165,Artist 5,Jazz,7.17
f239555d-3c3f-40a1-89e9-182b95deb061,user_4,user_4@example.com,9e643a42-e55f-41ca-931d-31a1e85fdc0e,319.28,a52c27f5-a78f-4dbe-832c-1f1b304ac630,Song 156,Artist 16,Jazz,11.69
0f9edd76-f58a-4c84-88e5-435569c86618,user_69,user_69@example.com,cef3fdee-bed7-4371-b320-5dbc8089d643,46.23,3a330ae4-bf07-4437-ac9b-ee9d75c4b6a9,Song 58,Artist 18,Pop,10.05
347a29cf-91bd-4903-a2ec-4c524a2e82a4,user_10,user_10@example.com,32262bfb-d5a4-4e75-b120-1811452f145f,11.88,d008a4d4-9517-4e47-9ef9-e698b4820bea,Song 183,Artist 3,Rock,12.49
ca5243b8-af39-4240-9329-641467eaaa32,user_63,user_63@example.com,82542883-7ebd-45cd-aac5-99a7b1ad4a1c,426.41,2021efb7-77a7-4ac6-920a-fd30941c104c,Song 40,Artist 0,Electronic,8.99
e1a27ee5-4393-4d9d-89bb-7d242c4d0361,user_7,user_7@example.com,2b9dae43-66cb-4116-9680-a6933ecc7bff,127.39,57c631f2-6b1a-4b57-8e61-690f37a0fea8,Song 126,Artist 6,Jazz,8.88
e1a8c706-a088-4144-9c12-4151d9c0ae03,user_70,user_70@example.com,2c0ac1af-e8f3-44ee-ad71-4ca508b469fc,332.05,18655abc-d7af-4bc4-94ba-8402f1c748ca,Song 25,Artist 5,Jazz,7.84
bd9cb0a6-2dbe-48fd-99e5-36c168b28898,user_56,user_56@example.com,33a8361f-3c4c-4ab9-9a52-de5d7567fb4c,496.35,beef5e34-e58b-4611-bdee-b0c1552c5c7a,Song 11,Artist 11,Pop,3.75
e825f796-b749-4370-992e-b95eec1f17e1,user_26,user_26@example.com,fa53f92c-0a22-4e56-ab41-e03f7b163029,150.17,dbe539be-4d2f-4fdf-93c1-61c508e22d2a,Song 91,Artist 11,Jazz,13.91
92ecce5a-294e-4658-941a-5f2d66661c50,user_77,user_77@example.com,05ac083a-a96b-4907-93fb-bd3f56eb2883,325.12,3719cdfb-7b02-4c7c-91c8-6bdc13b05bc2,Song 90,Artist 10,Rock,4.36
d2f795cd-fbf3-4d67-a77a-a6c35819bed5,user_76,user_76@example.com,a20f1e78-9427-471e-a04e-2214a8b6e617,24.17,05c9f7b4-f5dc-4acf-9ca9-bdef0e4ca10b,Song 185,Artist 5,Jazz,7.21
56f3d9d4-507c-41b8-8501-ce99bef2b23d,user_57,user_57@example.com,ebbf8bf1-d07f-4d79-8228-77062cc3cbf9,372.27,18655abc-d7af-4bc4-94ba-8402f1c748ca,Song 25,Artist 5,Jazz,7.84
6edec490-38c7-4d77-8a98-6cbed129fbef,user_35,user_35@example.com,2df63195-68b5-4dcf-aaf3-ee98d581079f,69.31,2c56670a-1e03-4b82-8f39-f736fb42db28,Song 80,Artist 0,Rock,1.01
6edec490-38c7-4d77-8a98-6cbed129fbef,user_35,user_35@example.com,2df63195-68b5-4dcf-aaf3-ee98d581079f,69.31,5ab521c4-dd3a-4fc0-b415-350793e35de2,Song 18,Artist 18,Jazz,2.56
1b6a1211-7f26-43bf-b974-5e882d677bc2,user_14,user_14@example.com,87a3a573-aa19-449e-9caa-0e2868423b92,23.32,9fe39427-ef27-4561-8140-30123a029e4b,Song 142,Artist 2,Electronic,2.74
afa2fa55-4a1f-4d1e-a549-133cb0aa1341,user_75,user_75@example.com,bf53c31e-1242-43f5-9b13-87beb65abf92,364.56,59d38e43-5586-4cbf-9c22-1bd04dc7e13e,Song 104,Artist 4,Pop,9.1
347a29cf-91bd-4903-a2ec-4c524a2e82a4,user_10,user_10@example.com,32262bfb-d5a4-4e75-b120-1811452f145f,11.88,faaa1927-09aa-4be4-9f16-2ca20a08c32f,Song 170,Artist 10,Jazz,13.81
94130455-b282-4198-886c-f4b0661187a7,user_98,user_98@example.com,c0cfccce-2c7c-4e50-aaa7-3468cc9c07df,79.36,1f56df2f-980a-4de2-baae-543fc09f95ab,Song 14,Artist 14,Jazz,9.63
d81f8e26-c977-42d8-a983-7dca07cf6568,user_24,user_24@example.com,02f32efc-6647-4b49-9e5a-a92feb583644,422.08,ccce8818-402a-4b5b-9943-9a758254a2ba,Song 147,Artist 7,Pop,7.19
14dbf60c-dd8f-4520-aa50-a9e0459034de,user_97,user_97@example.com,c1c89f2b-dd63-4194-a0d7-8bd8052c0ae2,126.45,25b906b7-0557-4609-824c-c200d8309f53,Song 12,Artist 12,Pop,4.72
f4500229-0662-4256-94ed-d1216b58fd5d,user_90,user_90@example.com,ff941cd0-9652-462f-a7db-2e8703632635,93.16,f9ad728f-fa39-463e-ad94-216104a1f311,Song 139,Artist 19,Electronic,1.3
b67da619-e4bc-42cd-8bf4-d9ded6729158,user_81,user_81@example.com,275c0c72-aefb-416c-b197-df3421eb2d7d,436.49,f9ad728f-fa39-463e-ad94-216104a1f311,Song 139,Artist 19,Electronic,1.3
aa44286a-184d-4ee3-a2c8-907bf503c2ef,user_68,user_68@example.com,7d06a94b-b30c-4133-b6ea-e638f9e48df2,33.15,eb6ced43-5118-4a97-9b57-8c860999e09f,Song 33,Artist 13,Electronic,14.09
80f63cb3-118f-4132-bedf-c297efb250fe,user_42,user_42@example.com,dac6f077-eced-4b8c-9e33-10263030cff8,464.94,90c0ef12-0aa1-464c-abf6-c0b7c5fbe970,Song 49,Artist 9,Pop,12.35
86742079-e7db-4eb0-9d02-a66c18c448e1,user_1,user_1@example.com,2804a393-e116-46b2-a160-33013c86e89c,463.25,6f63eed6-1912-4b12-9ca5-c8ab9ff172db,Song 93,Artist 13,Rock,5.06
b67da619-e4bc-42cd-8bf4-d9ded6729158,user_81,user_81@example.com,275c0c72-aefb-416c-b197-df3421eb2d7d,436.49,e6c8870e-ddd7-4a2e-b5a1-cbb094cfc508,Song 39,Artist 19,Pop,1.63
ca5243b8-af39-4240-9329-641467eaaa32,user_63,user_63@example.com,82542883-7ebd-45cd-aac5-99a7b1ad4a1c,426.41,da874d7d-f63a-4977-9924-02994464140a,Song 79,Artist 19,Rock,10.11
b0790ad0-1c94-4110-a7b4-60454fac2c80,user_28,user_28@example.com,3a6fec52-c353-42b6-bf38-b99c0b80b151,496.18,66efb4df-0b10-4f5a-815e-3b8e56073330,Song 41,Artist 1,Rock,14.58
71a9498f-f7f3-4d87-9a10-5e1836e3cd76,user_33,user_33@example.com,9453a219-e89f-4691-927e-9f9ec66bc6e4,402.46,c3be8338-4cf4-49be-bdac-c7c4fcc941d7,Song 4,Artist 4,Jazz,9.36
61efbd43-89e0-4307-9ee3-4ccae1d53855,user_39,user_39@example.com,a1600e8b-be01-4ec8-900e-fed87666aa55,233.94,6e11084f-8634-4570-aee5-91dcd99018b0,Song 132,Artist 12,Electronic,10.01
bacc9f5d-9ab2-4722-a7d9-823e849017f5,user_0,user_0@example.com,4d3e8692-0cff-40cc-81ed-8cf9e2cc3327,235.76,c5f1f553-cdc6-46ff-a1ff-21a0fb0323a1,Song 56,Artist 16,Jazz,14.01
0eb91322-2422-43f5-8578-efd06c74d26d,user_61,user_61@example.com,3f86983d-8a8f-45a5-b5f8-ba715968dca3,233.6,38776bf2-222c-4dd4-8d44-20456918bfeb,Song 120,Artist 0,Rock,14.6
9dd2ca1d-810c-433c-ba02-1849b892b2bd,user_29,user_29@example.com,1425bbc2-d490-4d5f-a2d9-e17f923051b9,437.32,483db1a8-e96c-49c3-8a84-ef8e1e0a1ebd,Song 48,Artist 8,Pop,5.47
e2585ad7-6031-4944-a120-6a3e8f1b469d,user_51,user_51@example.com,266722c6-1a3e-4589-8f57-dc4bc52b61b7,201.22,9f3a862e-e2e5-4324-a6fe-b7aa5a76e4da,Song 50,Artist 10,Pop,7.44
1b6a1211-7f26-43bf-b974-5e882d677bc2,user_14,user_14@example.com,87a3a573-aa19-449e-9caa-0e2868423b92,23.32,aba28d96-dd74-48d4-a33e-9c9cc12b9617,Song 164,Artist 4,Rock,9.29
680305e9-e6cc-4a1b-acc7-dfc2263e95a1,user_94,user_94@example.com,4c9094b1-4038-4d69-beb2-ea23409434de,291.36,9fe39427-ef27-4561-8140-30123a029e4b,Song 142,Artist 2,Electronic,2.74
14dbf60c-dd8f-4520-aa50-a9e0459034de,user_97,user_97@example.com,c1c89f2b-dd63-4194-a0d7-8bd8052c0ae2,126.45,dbfea75c-fff7-4ec5-be51-c48ec2075bc4,Song 167,Artist 7,Pop,15.94
92ecce5a-294e-4658-941a-5f2d66661c50,user_77,user_77@example.com,05ac083a-a96b-4907-93fb-bd3f56eb2883,325.12,0d0486c4-2b69-459f-b46b-d8af2f2b6b68,Song 87,Artist 7,Pop,2.06
42f5859f-840a-4ef6-bffa-8c709c574e02,user_84,user_84@example.com,54ea74b3-b46d-43a6-afc5-1e6c3781a5d1,126.32,66efb4df-0b10-4f5a-815e-3b8e56073330,Song 41,Artist 1,Rock,14.58
aa44286a-184d-4ee3-a2c8-907bf503c2ef,user_68,user_68@example.com,7d06a94b-b30c-4133-b6ea-e638f9e48df2,33.15,95a36db4-2ed0-4afa-83d1-619d3e72b006,Song 19,Artist 19,Electronic,5.6
71a9498f-f7f3-4d87-9a10-5e1836e3cd76,user_33,user_33@example.com,9453a219-e89f-4691-927e-9f9ec66bc6e4,402.46,dfcc1d2b-0961-4c86-8865-08756fee617a,Song 0,Artist 0,Pop,1.64
fe65e5ff-2e1d-4eac-9626-0dc68a7ad3e5,user_62,user_62@example.com,d44d3d99-b725-4b52-8c04-89159c40000c,118.14,1561ce45-08c1-4044-a25f-e5104c3cd06a,Song 31,Artist 11,Rock,1.86
bacc9f5d-9ab2-4722-a7d9-823e849017f5,user_0,user_0@example.com,4d3e8692-0cff-40cc-81ed-8cf9e2cc3327,235.76,eb6ced43-5118-4a97-9b57-8c860999e09f,Song 33,Artist 13,Electronic,14.09
27dd5e02-85b9-4b44-8470-c68bdf69caf7,user_52,user_52@example.com,0912f14a-1a80-4389-95a4-d11d7dafb5bc,451.98,05d87baa-02d6-47df-b2c4-c7ccc61440ae,Song 43,Artist 3,Rock,6.72
794e4561-728c-4b88-b620-3bc7c25b8825,user_44,user_44@example.com,a960f908-664c-4a7b-a6da-338aca386569,407.69,6538c70d-b4d5-47d7-a5fb-5d17b3e4ef76,Song 95,Artist 15,Pop,5.02
b43275b3-ea7a-4c0f-a925-f7d65ef34fd1,user_40,user_40@example.com,fe2344e4-0b31-4ac9-a975-fb9c7d9a749c,223.88,9b1f4c7e-40dc-41ca-899c-5775be4112fd,Song 78,Artist 18,Rock,6.3
794e4561-728c-4b88-b620-3bc7c25b8825,user_44,user_44@example.com,a960f908-664c-4a7b-a6da-338aca386569,407.69,6953521c-4795-449e-b8bc-c86d49c89a79,Song 111,Artist 11,Pop,13.88
aa44286a-184d-4ee3-a2c8-907bf503c2ef,user_68,user_68@example.com,7d06a94b-b30c-4133-b6ea-e638f9e48df2,33.15,70e94a20-ff21-440e-87da-2d698c9f2161,Song 13,Artist 13,Pop,9.41
119c0181-dfc4-46f5-8de2-7b1d6084c889,user_47,user_47@example.com,ab8a39b6-0bf1-428b-befd-f4b4dcc1e059,152.44,ab9f9eec-9cb6-4ab3-a5ad-bb74a7ef1bfc,Song 112,Artist 12,Jazz,14.57
11c72a41-c80f-4524-860b-e685bd3b0424,user_86,user_86@example.com,c0ff6127-edad-47d9-8b4d-9d1c2c7aa96c,30.47,c96deef8-5707-470e-91e2-c10b13e8e7ac,Song 45,Artist 5,Jazz,11.04
f586cf8d-6307-4d83-9425-51d55a0b8e81,user_30,user_30@example.com,a002a909-6aa7-47e4-a9f0-f01d74a13df7,242.5,9b1f4c7e-40dc-41ca-899c-5775be4112fd,Song 78,Artist 18,Rock,6.3
a722aafe-8a59-416e-984f-aa2a773ba32d,user_38,user_38@example.com,3d5929b9-230d-498c-a1aa-f22860bfc542,298.62,4fe1c4f3-6adf-4499-a9cd-e60d518e67cb,Song 89,Artist 9,Jazz,1.47
e1a27ee5-4393-4d9d-89bb-7d242c4d0361,user_7,user_7@example.com,2b9dae43-66cb-4116-9680-a6933ecc7bff,127.39,6e11084f-8634-4570-aee5-91dcd99018b0,Song 132,Artist 12,Electronic,10.01
680305e9-e6cc-4a1b-acc7-dfc2263e95a1,user_94,user_94@example.com,4c9094b1-4038-4d69-beb2-ea23409434de,291.36,ddd96dac-f15b-4bb1-b590-e48085f87f62,Song 62,Artist 2,Electronic,11.85
86742079-e7db-4eb0-9d02-a66c18c448e1,user_1,user_1@example.com,2804a393-e116-46b2-a160-33013c86e89c,463.25,ffb7e929-3c8a-4f5d-ae65-0c2004558e88,Song 101,Artist 1,Jazz,14.67
2e3e5798-4a9f-4268-a80d-3551a9e1843b,user_23,user_23@example.com,f03c5971-a27a-444b-bbed-1267ded77074,277.02,157155f4-292a-4324-a988-35b8550ec033,Song 128,Artist 8,Electronic,14.7
72d56456-abea-4447-a7be-0af2a6fffab3,user_88,user_88@example.com,3a4129b3-31f2-4833-95ad-0d2fa6878a42,301.95,3e8e48b4-55f1-411a-8baa-f4da046cc73a,Song 28,Artist 8,Jazz,8.45
bd9cb0a6-2dbe-48fd-99e5-36c168b28898,user_56,user_56@example.com,33a8361f-3c4c-4ab9-9a52-de5d7567fb4c,496.35,d2c24ece-d12b-49c9-a97d-e5a0b08f9bf7,Song 153,Artist 13,Pop,1.0
f4500229-0662-4256-94ed-d1216b58fd5d,user_90,user_90@example.com,ff941cd0-9652-462f-a7db-2e8703632635,93.16,a3a1b31c-048b-4678-8ede-009eb4a43221,Song 162,Artist 2,Pop,12.39
5dee0afa-0256-4d13-ad33-11232be7fe52,user_34,user_34@example.com,48feb919-0ccb-4e77-b42a-88f8f1f1c083,248.05,4af206ba-6331-4d63-93a4-70b577f62a9e,Song 134,Artist 14,Pop,14.65
e12cc456-2db7-4807-9d77-4d1af05337e0,user_15,user_15@example.com,af58f396-b448-41f5-b853-1960a2defc98,486.05,fbba427c-2986-409d-8251-c0d9b2d36880,Song 3,Artist 3,Rock,7.63
f586cf8d-6307-4d83-9425-51d55a0b8e81,user_30,user_30@example.com,a002a909-6aa7-47e4-a9f0-f01d74a13df7,242.5,824d26f0-9e62-4b2c-af44-bdc2579a98d0,Song 51,Artist 11,Electronic,6.07
6edec490-38c7-4d77-8a98-6cbed129fbef,user_35,user_35@example.com,2df63195-68b5-4dcf-aaf3-ee98d581079f,69.31,0c10e2de-2879-4cb0-b10c-8be77723e879,Song 100,Artist 0,Pop,10.93
1420279d-39e6-45d8-9055-abbff3d67f64,user_45,user_45@example.com,dd486e82-75ac-4279-9c57-8147b0d9779a,114.04,bd931287-5080-4a05-aa47-d22563e593f6,Song 130,Artist 10,Pop,15.86
e12cc456-2db7-4807-9d77-4d1af05337e0,user_15,user_15@example.com,af58f396-b448-41f5-b853-1960a2defc98,486.05,6f63eed6-1912-4b12-9ca5-c8ab9ff172db,Song 93,Artist 13,Rock,5.06
b67da619-e4bc-42cd-8bf4-d9ded6729158,user_81,user_81@example.com,275c0c72-aefb-416c-b197-df3421eb2d7d,436.49,a3a1b31c-048b-4678-8ede-009eb4a43221,Song 162,Artist 2,Pop,12.39
bacc9f5d-9ab2-4722-a7d9-823e849017f5,user_0,user_0@example.com,4d3e8692-0cff-40cc-81ed-8cf9e2cc3327,235.76,17f197da-6fa3-40f3-a881-1b8e43ef8556,Song 144,Artist 4,Pop,8.77
52654a62-f5ca-42fd-a87a-9647d0218bed,user_20,user_20@example.com,035458b7-4b2d-43a2-b530-a4a410918dc3,380.56,ff8f8129-4ba1-4edc-9f40-1bb969a35b31,Song 159,Artist 19,Jazz,12.42
fb1cc971-3210-4dda-914b-b4f1498b088b,user_83,user_83@example.com,b71bad17-6103-48ab-9a5b-d76f8a69e43b,490.25,bdbddd83-2173-49e6-acd7-528ffcd0f6a1,Song 54,Artist 14,Electronic,7.24
f276973f-fc54-4183-8842-dfaf0f3e204d,user_80,user_80@example.com,f43558a0-caca-4033-85c1-659a7982846c,66.53,9b1f4c7e-40dc-41ca-899c-5775be4112fd,Song 78,Artist 18,Rock,6.3
0ff248ce-d66b-49ed-ba6f-87c1511aebd0,user_43,user_43@example.com,b17e9bd3-3a5a-494d-ad9c-2977548a3673,225.3,27c4b887-5e81-4df4-9e1d-0ae3853ed731,Song 60,Artist 0,Rock,2.21
13cf1c04-c6e3-403d-ad1d-a8f4dbe19a55,user_18,user_18@example.com,0629c27a-9aa6-475c-bed8-9869269a663e,90.66,849ad17e-7936-4c00-a96a-b6621f181938,Song 188,Artist 8,Electronic,13.32
794e4561-728c-4b88-b620-3bc7c25b8825,user_44,user_44@example.com,a960f908-664c-4a7b-a6da-338aca386569,407.69,75cabf06-31a9-4341-9a12-cddb1c8e3a93,Song 121,Artist 1,Electronic,7.28
d2f795cd-fbf3-4d67-a77a-a6c35819bed5,user_76,user_76@example.com,a20f1e78-9427-471e-a04e-2214a8b6e617,24.17,a0203e1f-951a-4377-abe9-02fbffb870f5,Song 129,Artist 9,Jazz,4.47
71a9498f-f7f3-4d87-9a10-5e1836e3cd76,user_33,user_33@example.com,9453a219-e89f-4691-927e-9f9ec66bc6e4,402.46,eb6ced43-5118-4a97-9b57-8c860999e09f,Song 33,Artist 13,Electronic,14.09
e825f796-b749-4370-992e-b95eec1f17e1,user_26,user_26@example.com,fa53f92c-0a22-4e56-ab41-e03f7b163029,150.17,fff91d55-5df1-4f24-806f-4c44eadcd96f,Song 55,Artist 15,Pop,3.57
f4500229-0662-4256-94ed-d1216b58fd5d,user_90,user_90@example.com,ff941cd0-9652-462f-a7db-2e8703632635,93.16,a270fd6c-fa6d-4872-962b-bef601277d40,Song 177,Artist 17,Pop,8.7
3b748d0d-d688-490a-830e-91bc564720cf,user_64,user_64@example.com,ee5ac602-2cb1-44ac-88df-167fb35b680d,24.92,59d38e43-5586-4cbf-9c22-1bd04dc7e13e,Song 104,Artist 4,Pop,9.1
f239555d-3c3f-40a1-89e9-182b95deb061,user_4,user_4@example.com,9e643a42-e55f-41ca-931d-31a1e85fdc0e,319.28,70e94a20-ff21-440e-87da-2d698c9f2161,Song 13,Artist 13,Pop,9.41
e1a8c706-a088-4144-9c12-4151d9c0ae03,user_70,user_70@example.com,2c0ac1af-e8f3-44ee-ad71-4ca508b469fc,332.05,ca7affdd-faa7-4004-a852-e075a24ddab7,Song 8,Artist 8,Pop,12.61
1b6a1211-7f26-43bf-b974-5e882d677bc2,user_14,user_14@example.com,87a3a573-aa19-449e-9caa-0e2868423b92,23.32,11a1551b-28e4-46b7-8fe7-a602db95fcff,Song 125,Artist 5,Electronic,2.36
f006deb0-668d-4b52-8e84-2004a133a168,user_99,user_99@example.com,33146dca-d6d0-4aa9-9846-91f2735b6d7b,178.64,a52c27f5-a78f-4dbe-832c-1f1b304ac630,Song 156,Artist 16,Jazz,11.69
80f63cb3-118f-4132-bedf-c297efb250fe,user_42,user_42@example.com,dac6f077-eced-4b8c-9e33-10263030cff8,464.94,1561ce45-08c1-4044-a25f-e5104c3cd06a,Song 31,Artist 11,Rock,1.86
0eb91322-2422-43f5-8578-efd06c74d26d,user_61,user_61@example.com,3f86983d-8a8f-45a5-b5f8-ba715968dca3,233.6,6f63eed6-1912-4b12-9ca5-c8ab9ff172db,Song 93,Artist 13,Rock,5.06
ca5243b8-af39-4240-9329-641467eaaa32,user_63,user_63@example.com,82542883-7ebd-45cd-aac5-99a7b1ad4a1c,426.41,c3be8338-4cf4-49be-bdac-c7c4fcc941d7,Song 4,Artist 4,Jazz,9.36
1b6a1211-7f26-43bf-b974-5e882d677bc2,user_14,user_14@example.com,87a3a573-aa19-449e-9caa-0e2868423b92,23.32,008eabc7-4a7e-4348-9137-a658a95ccf19,Song 96,Artist 16,Electronic,6.22
bd9cb0a6-2dbe-48fd-99e5-36c168b28898,user_56,user_56@example.com,33a8361f-3c4c-4ab9-9a52-de5d7567fb4c,496.35,75cabf06-31a9-4341-9a12-cddb1c8e3a93,Song 121,Artist 1,Electronic,7.28
565e7418-ae61-4166-bd7d-563090559a76,user_49,user_49@example.com,d06480e8-7f5f-4078-b5f4-783ccd99ba5b,268.63,78a1c54f-620a-43cc-95eb-f2088d93ffdc,Song 66,Artist 6,Jazz,11.38
afa2fa55-4a1f-4d1e-a549-133cb0aa1341,user_75,user_75@example.com,bf53c31e-1242-43f5-9b13-87beb65abf92,364.56,3a003d95-40f2-4196-b4fe-233efe5d3d21,Song 92,Artist 12,Jazz,7.28
f276973f-fc54-4183-8842-dfaf0f3e204d,user_80,user_80@example.com,f43558a0-caca-4033-85c1-659a7982846c,66.53,9b1f4c7e-40dc-41ca-899c-5775be4112fd,Song 78,Artist 18,Rock,6.3
b67da619-e4bc-42cd-8bf4-d9ded6729158,user_81,user_81@example.com,275c0c72-aefb-416c-b197-df3421eb2d7d,436.49,6014ab2e-287a-4069-adf2-85432ebeca8b,Song 44,Artist 4,Pop,1.7
04a938f8-4e17-45fa-98b4-416b40a2b138,user_67,user_67@example.com,c482d468-0544-41ff-903f-2b8cc8257690,479.93,623d8a20-3f66-4c96-b0da-d799dcfa6ae3,Song 146,Artist 6,Rock,2.58
32643c85-8ee5-4e1c-99b7-d235a20b1e9d,user_87,user_87@example.com,d9398a18-3aa5-4ccb-9a23-0e87e993b94c,195.14,686a1146-eda8-41db-b6e8-63538ce6a8dd,Song 190,Artist 10,Jazz,11.19
db71e7dd-e3ca-4544-a101-fc953fd12de4,user_73,user_73@example.com,a27910be-178b-4112-a51a-aaa4fe103710,426.66,f617a1f0-61d7-484e-83ba-02198c8683e4,Song 169,Artist 9,Jazz,9.37
b2caa2a3-2738-4bd3-ad7a-d3f4c43083e9,user_82,user_82@example.com,0bf94a8c-e681-4b4b-93d4-9034371b59b8,136.15,511c8491-9b6a-4b82-8837-2f0c38734549,Song 42,Artist 2,Electronic,11.07
95f916ee-dc1b-4a47-bef6-4ec87b98142f,user_19,user_19@example.com,bc55c0b2-849b-4482-8863-c46a733b1030,26.52,234933bd-b27b-49cd-b2c9-7bcf9f1512a5,Song 5,Artist 5,Rock,10.04
56f3d9d4-507c-41b8-8501-ce99bef2b23d,user_57,user_57@example.com,ebbf8bf1-d07f-4d79-8228-77062cc3cbf9,372.27,03ced980-e5e3-4234-93a2-99529032b3f8,Song 97,Artist 17,Rock,15.18
32643c85-8ee5-4e1c-99b7-d235a20b1e9d,user_87,user_87@example.com,d9398a18-3aa5-4ccb-9a23-0e87e993b94c,195.14,d7da124d-f4f0-48ff-a925-3ca9dc237525,Song 171,Artist 11,Pop,13.33
bcb76878-86df-4b81-a1b5-97c67458073c,user_25,user_25@example.com,24866ecb-e0df-40a5-be3a-32bf0a69b41c,180.98,1476b421-a4f3-4d55-a440-fd91337c339e,Song 109,Artist 9,Rock,10.97
e825f796-b749-4370-992e-b95eec1f17e1,user_26,user_26@example.com,fa53f92c-0a22-4e56-ab41-e03f7b163029,150.17,157155f4-292a-4324-a988-35b8550ec033,Song 128,Artist 8,Electronic,14.7
fb1cc971-3210-4dda-914b-b4f1498b088b,user_83,user_83@example.com,b71bad17-6103-48ab-9a5b-d76f8a69e43b,490.25,dbfea75c-fff7-4ec5-be51-c48ec2075bc4,Song 167,Artist 7,Pop,15.94
bcb76878-86df-4b81-a1b5-97c67458073c,user_25,user_25@example.com,24866ecb-e0df-40a5-be3a-32bf0a69b41c,180.98,84d97b51-38bf-4e5f-8910-a88b7019151e,Song 7,Artist 7,Electronic,2.62
f239555d-3c3f-40a1-89e9-182b95deb061,user_4,user_4@example.com,9e643a42-e55f-41ca-931d-31a1e85fdc0e,319.28,fa245b29-5a11-461c-89b9-392deae4b48d,Song 64,Artist 4,Jazz,12.42
bacc9f5d-9ab2-4722-a7d9-823e849017f5,user_0,user_0@example.com,4d3e8692-0cff-40cc-81ed-8cf9e2cc3327,235.76,66efb4df-0b10-4f5a-815e-3b8e56073330,Song 41,Artist 1,Rock,14.58
bdd9bd5d-5ac5-4465-a49c-acd8281c0407,user_59,user_59@example.com,99849c90-5f2a-42fc-b268-128e3c17bc66,30.39,dcd7af11-3a0e-453b-9e2c-805ac08df68d,Song 199,Artist 19,Jazz,3.36
5bab74e5-0d38-425a-82d6-bfdbf2b83e44,user_55,user_55@example.com,82db2c34-7fbe-4f2a-9892-40fc8b9ace6a,460.23,dfcc1d2b-0961-4c86-8865-08756fee617a,Song 0,Artist 0,Pop,1.64
5bab74e5-0d38-425a-82d6-bfdbf2b83e44,user_55,user_55@example.com,82db2c34-7fbe-4f2a-9892-40fc8b9ace6a,460.23,f9f1bcea-b86a-48b2-a2dc-1caab7e9c9ff,Song 124,Artist 4,Jazz,7.76
c6c4c519-1969-4236-bc9e-475077da8efa,user_71,user_71@example.com,49711198-6cb0-430e-84fc-28c60283f1d0,273.47,f4a2d80a-432c-45ab-8699-086cdb325ca2,Song 198,Artist 18,Jazz,5.3
b43275b3-ea7a-4c0f-a925-f7d65ef34fd1,user_40,user_40@example.com,fe2344e4-0b31-4ac9-a975-fb9c7d9a749c,223.88,43a59960-9c11-4a6f-9323-114e7273842e,Song 2,Artist 2,Electronic,10.73
a09eabfc-9d07-4966-9c8c-c85d55940402,user_78,user_78@example.com,cd147e46-196d-4e13-be9c-8bec98d8ca79,319.63,05c9f7b4-f5dc-4acf-9ca9-bdef0e4ca10b,Song 185,Artist 5,Jazz,7.21
0c90a684-2529-4681-b188-d200225d69a1,user_13,user_13@example.com,4d42b0dd-fb63-48a5-b0a0-0064dd6a57b8,291.09,ffb7e929-3c8a-4f5d-ae65-0c2004558e88,Song 101,Artist 1,Jazz,14.67
e1a27ee5-4393-4d9d-89bb-7d242c4d0361,user_7,user_7@example.com,2b9dae43-66cb-4116-9680-a6933ecc7bff,127.39,a9bcca72-fb76-4368-a714-f1b5e7f6ce81,Song 6,Artist 6,Pop,8.07
61efbd43-89e0-4307-9ee3-4ccae1d53855,user_39,user_39@example.com,a1600e8b-be01-4ec8-900e-fed87666aa55,233.94,f9859796-6a11-4c17-9586-a9218036194a,Song 99,Artist 19,Pop,14.75
d81f8e26-c977-42d8-a983-7dca07cf6568,user_24,user_24@example.com,02f32efc-6647-4b49-9e5a-a92feb583644,422.08,008eabc7-4a7e-4348-9137-a658a95ccf19,Song 96,Artist 16,Electronic,6.22
5eeb8472-8c23-4bac-863e-b8b14848aef8,user_91,user_91@example.com,c0e6f628-157d-4762-acf5-1edad6c5d6b9,328.05,bfcd5a54-0ac7-4d83-ba67-536dadd6d5a7,Song 195,Artist 15,Pop,10.31
e873700b-99ea-4952-aa01-20c5a8a19575,user_21,user_21@example.com,dd0f6eb4-e743-4c04-80ee-611c3bd3f0ee,197.37,c5f1f553-cdc6-46ff-a1ff-21a0fb0323a1,Song 56,Artist 16,Jazz,14.01
b67da619-e4bc-42cd-8bf4-d9ded6729158,user_81,user_81@example.com,275c0c72-aefb-416c-b197-df3421eb2d7d,436.49,4e85de8c-e1e6-41fe-ba7f-c4d604402089,Song 70,Artist 10,Pop,8.17
680305e9-e6cc-4a1b-acc7-dfc2263e95a1,user_94,user_94@example.com,4c9094b1-4038-4d69-beb2-ea23409434de,291.36,f4a2d80a-432c-45ab-8699-086cdb325ca2,Song 198,Artist 18,Jazz,5.3
1d4652d7-56bc-4e1e-9f7c-05cae40036c7,user_17,user_17@example.com,43e7dcdf-014e-4fa4-abda-1c08278244be,118.19,686a1146-eda8-41db-b6e8-63538ce6a8dd,Song 190,Artist 10,Jazz,11.19
aa44286a-184d-4ee3-a2c8-907bf503c2ef,user_68,user_68@example.com,7d06a94b-b30c-4133-b6ea-e638f9e48df2,33.15,95a36db4-2ed0-4afa-83d1-619d3e72b006,Song 19,Artist 19,Electronic,5.6
f94b651f-224a-460d-937c-1cc4a4932a49,user_27,user_27@example.com,532f49fb-b369-4208-b8ec-15602ca0857a,233.26,e4623012-f31d-42fb-8922-a4010439323a,Song 180,Artist 0,Pop,1.54
6eeaf898-3bf6-4184-9836-88c1d3da5a1a,user_85,user_85@example.com,7d69b436-eb13-4662-b17f-c79ff8326d99,209.07,ff8f8129-4ba1-4edc-9f40-1bb969a35b31,Song 159,Artist 19,Jazz,12.42
56f3d9d4-507c-41b8-8501-ce99bef2b23d,user_57,user_57@example.com,ebbf8bf1-d07f-4d79-8228-77062cc3cbf9,372.27,1d9a2078-5335-4994-8bbc-6f5d625117d5,Song 186,Artist 6,Rock,11.32
27dd5e02-85b9-4b44-8470-c68bdf69caf7,user_52,user_52@example.com,0912f14a-1a80-4389-95a4-d11d7dafb5bc,451.98,51756dbc-07c3-4d4e-b4cf-ed8046ee663e,Song 22,Artist 2,Jazz,4.75
0ff248ce-d66b-49ed-ba6f-87c1511aebd0,user_43,user_43@example.com,b17e9bd3-3a5a-494d-ad9c-2977548a3673,225.3,951850d5-7810-468c-827e-71000ea70d78,Song 163,Artist 3,Rock,8.64
0ff248ce-d66b-49ed-ba6f-87c1511aebd0,user_43,user_43@example.com,b17e9bd3-3a5a-494d-ad9c-2977548a3673,225.3,3e8e48b4-55f1-411a-8baa-f4da046cc73a,Song 28,Artist 8,Jazz,8.45
5eeb8472-8c23-4bac-863e-b8b14848aef8,user_91,user_91@example.com,c0e6f628-157d-4762-acf5-1edad6c5d6b9,328.05,630dc38e-90c1-4149-8969-3433f114d9f1,Song 106,Artist 6,Jazz,2.09
1b6a1211-7f26-43bf-b974-5e882d677bc2,user_14,user_14@example.com,87a3a573-aa19-449e-9caa-0e2868423b92,23.32,7139f0eb-4746-4410-9e99-a5bd027734ff,Song 10,Artist 10,Jazz,10.85
bd9cb0a6-2dbe-48fd-99e5-36c168b28898,user_56,user_56@example.com,33a8361f-3c4c-4ab9-9a52-de5d7567fb4c,496.35,021195d0-8f33-4111-8bef-600df3ee5ce4,Song 160,Artist 0,Electronic,12.67
92ecce5a-294e-4658-941a-5f2d66661c50,user_77,user_77@example.com,05ac083a-a96b-4907-93fb-bd3f56eb2883,325.12,d2bcda26-62c2-47aa-a840-fae944bf7087,Song 102,Artist 2,Jazz,14.09
1b6a1211-7f26-43bf-b974-5e882d677bc2,user_14,user_14@example.com,87a3a573-aa19-449e-9caa-0e2868423b92,23.32,c4410ac5-d1a1-4a4f-846d-7f51a126f356,Song 135,Artist 15,Pop,1.05
5bf3e1c4-7ec7-447d-a89d-01f0d17d7a30,user_12,user_12@example.com,ca209542-e12d-475f-9824-13e551d8ea53,292.19,fff91d55-5df1-4f24-806f-4c44eadcd96f,Song 55,Artist 15,Pop,3.57
ec461be4-4daf-423f-80d6-fd0ba235f9c7,user_48,user_48@example.com,255feff2-5b74-435e-a36b-f5fd24efc4e7,424.92,bb2433ad-263b-4060-839b-4f20cf6cdda1,Song 194,Artist 14,Rock,6.69
2e3e5798-4a9f-4268-a80d-3551a9e1843b,user_23,user_23@example.com,f03c5971-a27a-444b-bbed-1267ded77074,277.02,824d26f0-9e62-4b2c-af44-bdc2579a98d0,Song 51,Artist 11,Electronic,6.07
0ff248ce-d66b-49ed-ba6f-87c1511aebd0,user_43,user_43@example.com,b17e9bd3-3a5a-494d-ad9c-2977548a3673,225.3,157155f4-292a-4324-a988-35b8550ec033,Song 128,Artist 8,Electronic,14.7
b2dfa26e-6c29-4b95-ab16-06e4ec35bc58,user_65,user_65@example.com,3b08562d-2ceb-475a-945e-f3bdda6289a1,464.15,70e94a20-ff21-440e-87da-2d698c9f2161,Song 13,Artist 13,Pop,9.41
4f428b57-c938-4983-8574-12b25e4ce0ee,user_2,user_2@example.com,dc3bb6cd-2c8d-4029-b977-f4fea4e1cda1,178.58,b67ec4b1-dcde-4fc6-a7a1-142d31fb69cf,Song 32,Artist 12,Electronic,3.01
6cc2b853-4faf-4b65-ab01-fe9fdef8221b,user_22,user_22@example.com,0f67f8aa-cd6d-4ede-8c1d-3aed01c3876f,354.35,27c4b887-5e81-4df4-9e1d-0ae3853ed731,Song 60,Artist 0,Rock,2.21
ec461be4-4daf-423f-80d6-fd0ba235f9c7,user_48,user_48@example.com,255feff2-5b74-435e-a36b-f5fd24efc4e7,424.92,b8be319f-5aa1-4501-8557-f75f8e89e3a7,Song 103,Artist 3,Pop,4.07
350713c6-992d-4242-8ff0-e8cd233eb45c,user_89,user_89@example.com,299df01a-9cf5-4465-a3d9-bb10fd6aa836,14.65,234933bd-b27b-49cd-b2c9-7bcf9f1512a5,Song 5,Artist 5,Rock,10.04
b2dfa26e-6c29-4b95-ab16-06e4ec35bc58,user_65,user_65@example.com,3b08562d-2ceb-475a-945e-f3bdda6289a1,464.15,75cabf06-31a9-4341-9a12-cddb1c8e3a93,Song 121,Artist 1,Electronic,7.28
a1a35823-5afd-47c5-bc4b-d0687905aff3,user_53,user_53@example.com,cd5f1f30-db3b-443c-ac4d-5280d096adec,287.32,5ab521c4-dd3a-4fc0-b415-350793e35de2,Song 18,Artist 18,Jazz,2.56
42f5859f-840a-4ef6-bffa-8c709c574e02,user_84,user_84@example.com,54ea74b3-b46d-43a6-afc5-1e6c3781a5d1,126.32,905e45fc-c321-499a-8c57-a7ea08522003,Song 172,Artist 12,Rock,14.19
f239555d-3c3f-40a1-89e9-182b95deb061,user_4,user_4@example.com,9e643a42-e55f-41ca-931d-31a1e85fdc0e,319.28,a2cef430-e340-4145-83aa-ec71598bbad9,Song 151,Artist 11,Pop,12.69
8f9d061c-a48e-4f8f-9650-5413126faba8,user_96,user_96@example.com,88d40f4f-03e4-410c-a4ac-6e4e705d6314,386.76,a6e56e8d-2452-4a22-ba66-99fd5831bbf0,Song 176,Artist 16,Pop,9.3
e1a8c706-a088-4144-9c12-4151d9c0ae03,user_70,user_70@example.com,2c0ac1af-e8f3-44ee-ad71-4ca508b469fc,332.05,6e11084f-8634-4570-aee5-91dcd99018b0,Song 132,Artist 12,Electronic,10.01
e12cc456-2db7-4807-9d77-4d1af05337e0,user_15,user_15@example.com,af58f396-b448-41f5-b853-1960a2defc98,486.05,4fd81aa5-9ba7-463a-a265-728f218eafe9,Song 193,Artist 13,Pop,5.48
db71e7dd-e3ca-4544-a101-fc953fd12de4,user_73,user_73@example.com,a27910be-178b-4112-a51a-aaa4fe103710,426.66,6014ab2e-287a-4069-adf2-85432ebeca8b,Song 44,Artist 4,Pop,1.7
6edec490-38c7-4d77-8a98-6cbed129fbef,user_35,user_35@example.com,2df63195-68b5-4dcf-aaf3-ee98d581079f,69.31,485d9deb-0ece-4f68-a867-e1046aaa6955,Song 21,Artist 1,Pop,14.89
3b748d0d-d688-490a-830e-91bc564720cf,user_64,user_64@example.com,ee5ac602-2cb1-44ac-88df-167fb35b680d,24.92,b8be319f-5aa1-4501-8557-f75f8e89e3a7,Song 103,Artist 3,Pop,4.07
bacc9f5d-9ab2-4722-a7d9-823e849017f5,user_0,user_0@example.com,4d3e8692-0cff-40cc-81ed-8cf9e2cc3327,235.76,43a59960-9c11-4a6f-9323-114e7273842e,Song 2,Artist 2,Electronic,10.73
e12cc456-2db7-4807-9d77-4d1af05337e0,user_15,user_15@example.com,af58f396-b448-41f5-b853-1960a2defc98,486.05,b78fb09b-2a3c-465f-8998-dea97e9f926e,Song 182,Artist 2,Electronic,14.4
38e8ce19-a27f-420f-9ea1-f785beead92d,user_58,user_58@example.com,be9c70c0-37af-4e55-8b7f-8f1895c2cef4,413.37,849ad17e-7936-4c00-a96a-b6621f181938,Song 188,Artist 8,Electronic,13.32
0ff248ce-d66b-49ed-ba6f-87c1511aebd0,user_43,user_43@example.com,b17e9bd3-3a5a-494d-ad9c-2977548a3673,225.3,390d2dd7-5617-40b2-a9ee-7609aced87d6,Song 173,Artist 13,Rock,11.17
b29b0acb-8009-43a2-adf1-d7f543e28524,user_41,user_41@example.com,2ac9a54c-7a3f-4970-bef6-00f7d8767aa4,118.87,c3be8338-4cf4-49be-bdac-c7c4fcc941d7,Song 4,Artist 4,Jazz,9.36
00070552-838d-47f5-ad7d-d6678d769d2f,user_72,user_72@example.com,ef3eb137-c64d-4c22-906a-4ce316ad4fe6,83.24,45c118fb-8fc1-466d-acbd-b16cc36502aa,Song 122,Artist 2,Rock,2.57
5dee0afa-0256-4d13-ad33-11232be7fe52,user_34,user_34@example.com,48feb919-0ccb-4e77-b42a-88f8f1f1c083,248.05,021195d0-8f33-4111-8bef-600df3ee5ce4,Song 160,Artist 0,Electronic,12.67
0ff248ce-d66b-49ed-ba6f-87c1511aebd0,user_43,user_43@example.com,b17e9bd3-3a5a-494d-ad9c-2977548a3673,225.3,9045a7c4-008e-4884-92a5-f1d8d9ff4e77,Song 197,Artist 17,Electronic,2.93
bacc9f5d-9ab2-4722-a7d9-823e849017f5,user_0,user_0@example.com,4d3e8692-0cff-40cc-81ed-8cf9e2cc3327,235.76,a8c5b695-a09d-4759-8960-55665e1b3882,Song 74,Artist 14,Pop,1.53
1b6a1211-7f26-43bf-b974-5e882d677bc2,user_14,user_14@example.com,87a3a573-aa19-449e-9caa-0e2868423b92,23.32,4a98fb4b-8b7f-4edc-b75d-2b83055ef836,Song 83,Artist 3,Rock,7.39
3aa10b67-47d5-4a69-9bac-ccdfb26754b0,user_3,user_3@example.com,76e630c4-eef6-4400-b274-e2484bf39b37,423.71,355ff1da-1c6d-4d48-81bf-5dbf59d1ca16,Song 24,Artist 4,Electronic,15.2
72d56456-abea-4447-a7be-0af2a6fffab3,user_88,user_88@example.com,3a4129b3-31f2-4833-95ad-0d2fa6878a42,301.95,b8be319f-5aa1-4501-8557-f75f8e89e3a7,Song 103,Artist 3,Pop,4.07
1b6a1211-7f26-43bf-b974-5e882d677bc2,user_14,user_14@example.com,87a3a573-aa19-449e-9caa-0e2868423b92,23.32,6953521c-4795-449e-b8bc-c86d49c89a79,Song 111,Artist 11,Pop,13.88
794e4561-728c-4b88-b620-3bc7c25b8825,user_44,user_44@example.com,a960f908-664c-4a7b-a6da-338aca386569,407.69,dbfea75c-fff7-4ec5-be51-c48ec2075bc4,Song 167,Artist 7,Pop,15.94
0f9edd76-f58a-4c84-88e5-435569c86618,user_69,user_69@example.com,cef3fdee-bed7-4371-b320-5dbc8089d643,46.23,630dc38e-90c1-4149-8969-3433f114d9f1,Song 106,Artist 6,Jazz,2.09
0c90a684-2529-4681-b188-d200225d69a1,user_13,user_13@example.com,4d42b0dd-fb63-48a5-b0a0-0064dd6a57b8,291.09,a0203e1f-951a-4377-abe9-02fbffb870f5,Song 129,Artist 9,Jazz,4.47
4b21679e-cd65-4481-97f1-37f69fb5a00f,user_46,user_46@example.com,a86459af-4ad6-4527-9028-ee25e79b0572,181.24,1b1aada1-d566-45a2-bffa-9659bcd2cc8d,Song 178,Artist 18,Electronic,7.58
e69559ef-f69e-4359-aa06-9912421e0367,user_37,user_37@example.com,7a1ae2d5-f921-4a66-ad0d-5f5577c6c6a8,154.47,726fd9dc-e442-414b-a0ab-6db5592c6a46,Song 181,Artist 1,Jazz,4.19
38e8ce19-a27f-420f-9ea1-f785beead92d,user_58,user_58@example.com,be9c70c0-37af-4e55-8b7f-8f1895c2cef4,413.37,fb1ffb0a-56e8-4f0e-a10a-6682bf51efe8,Song 73,Artist 13,Jazz,12.41
1d080570-497d-477c-a56f-9d9c89cf9898,user_50,user_50@example.com,76cca7a9-47db-4079-ad22-6a077ed605e6,262.65,e6777b42-9715-4f0b-ad9b-597b88699f1f,Song 137,Artist 17,Jazz,12.03
9c9b32e3-796e-4c07-a1f8-eb82d772a9bb,user_93,user_93@example.com,91f43786-67c2-4229-af8d-877849178f80,399.65,a0203e1f-951a-4377-abe9-02fbffb870f5,Song 129,Artist 9,Jazz,4.47
f006deb0-668d-4b52-8e84-2004a133a168,user_99,user_99@example.com,33146dca-d6d0-4aa9-9846-91f2735b6d7b,178.64,95a36db4-2ed0-4afa-83d1-619d3e72b006,Song 19,Artist 19,Electronic,5.6
a09eabfc-9d07-4966-9c8c-c85d55940402,user_78,user_78@example.com,cd147e46-196d-4e13-be9c-8bec98d8ca79,319.63,bd931287-5080-4a05-aa47-d22563e593f6,Song 130,Artist 10,Pop,15.86
347a29cf-91bd-4903-a2ec-4c524a2e82a4,user_10,user_10@example.com,32262bfb-d5a4-4e75-b120-1811452f145f,11.88,355ff1da-1c6d-4d48-81bf-5dbf59d1ca16,Song 24,Artist 4,Electronic,15.2
72d56456-abea-4447-a7be-0af2a6fffab3,user_88,user_88@example.com,3a4129b3-31f2-4833-95ad-0d2fa6878a42,301.95,4c711ba9-bf5b-4eb6-81f0-596e74ac563f,Song 116,Artist 16,Pop,8.73
0eb91322-2422-43f5-8578-efd06c74d26d,user_61,user_61@example.com,3f86983d-8a8f-45a5-b5f8-ba715968dca3,233.6,d7da124d-f4f0-48ff-a925-3ca9dc237525,Song 171,Artist 11,Pop,13.33
bdd9bd5d-5ac5-4465-a49c-acd8281c0407,user_59,user_59@example.com,99849c90-5f2a-42fc-b268-128e3c17bc66,30.39,fd073678-6d4d-4f84-abd7-1e23e1c3f36a,Song 75,Artist 15,Pop,5.19
a722aafe-8a59-416e-984f-aa2a773ba32d,user_38,user_38@example.com,3d5929b9-230d-498c-a1aa-f22860bfc542,298.62,4fe1c4f3-6adf-4499-a9cd-e60d518e67cb,Song 89,Artist 9,Jazz,1.47
2e94fc08-1c17-426c-9d8f-26ac3bf92686,user_5,user_5@example.com,8dbe1a1a-f62a-4f84-815a-b888cdfefd03,106.13,d008a4d4-9517-4e47-9ef9-e698b4820bea,Song 183,Artist 3,Rock,12.49
4c462a9c-81f2-48d5-9ca5-2db98c8c9355,user_6,user_6@example.com,157a5e1f-31e3-4264-92fb-e38cc91123b4,126.61,a3a1b31c-048b-4678-8ede-009eb4a43221,Song 162,Artist 2,Pop,12.39
6eeaf898-3bf6-4184-9836-88c1d3da5a1a,user_85,user_85@example.com,7d69b436-eb13-4662-b17f-c79ff8326d99,209.07,c36dc33a-3e5c-4e75-bd2a-ee42c5d4ddb9,Song 76,Artist 16,Rock,2.26
d81f8e26-c977-42d8-a983-7dca07cf6568,user_24,user_24@example.com,02f32efc-6647-4b49-9e5a-a92feb583644,422.08,ccce8818-402a-4b5b-9943-9a758254a2ba,Song 147,Artist 7,Pop,7.19
2e3e5798-4a9f-4268-a80d-3551a9e1843b,user_23,user_23@example.com,f03c5971-a27a-444b-bbed-1267ded77074,277.02,4a98fb4b-8b7f-4edc-b75d-2b83055ef836,Song 83,Artist 3,Rock,7.39
94130455-b282-4198-886c-f4b0661187a7,user_98,user_98@example.com,c0cfccce-2c7c-4e50-aaa7-3468cc9c07df,79.36,75cabf06-31a9-4341-9a12-cddb1c8e3a93,Song 121,Artist 1,Electronic,7.28
14dbf60c-dd8f-4520-aa50-a9e0459034de,user_97,user_97@example.com,c1c89f2b-dd63-4194-a0d7-8bd8052c0ae2,126.45,94a442b9-741d-4a2f-8576-5922fcbbddb7,Song 85,Artist 5,Rock,14.85
2e3e5798-4a9f-4268-a80d-3551a9e1843b,user_23,user_23@example.com,f03c5971-a27a-444b-bbed-1267ded77074,277.02,f9859796-6a11-4c17-9586-a9218036194a,Song 99,Artist 19,Pop,14.75
347a29cf-91bd-4903-a2ec-4c524a2e82a4,user_10,user_10@example.com,32262bfb-d5a4-4e75-b120-1811452f145f,11.88,3a003d95-40f2-4196-b4fe-233efe5d3d21,Song 92,Artist 12,Jazz,7.28
a09eabfc-9d07-4966-9c8c-c85d55940402,user_78,user_78@example.com,cd147e46-196d-4e13-be9c-8bec98d8ca79,319.63,4fd81aa5-9ba7-463a-a265-728f218eafe9,Song 193,Artist 13,Pop,5.48
6edec490-38c7-4d77-8a98-6cbed129fbef,user_35,user_35@example.com,2df63195-68b5-4dcf-aaf3-ee98d581079f,69.31,485d9deb-0ece-4f68-a867-e1046aaa6955,Song 21,Artist 1,Pop,14.89
b0790ad0-1c94-4110-a7b4-60454fac2c80,user_28,user_28@example.com,3a6fec52-c353-42b6-bf38-b99c0b80b151,496.18,f4a2d80a-432c-45ab-8699-086cdb325ca2,Song 198,Artist 18,Jazz,5.3
fe65e5ff-2e1d-4eac-9626-0dc68a7ad3e5,user_62,user_62@example.com,d44d3d99-b725-4b52-8c04-89159c40000c,118.14,79f01903-125e-4890-bd2e-149c45de7ceb,Song 71,Artist 11,Electronic,15.31
e2585ad7-6031-4944-a120-6a3e8f1b469d,user_51,user_51@example.com,266722c6-1a3e-4589-8f57-dc4bc52b61b7,201.22,2713e750-0b98-46f1-8a74-4779defed9f0,Song 141,Artist 1,Pop,2.3
5eeb8472-8c23-4bac-863e-b8b14848aef8,user_91,user_91@example.com,c0e6f628-157d-4762-acf5-1edad6c5d6b9,328.05,626d9c7e-0f78-436e-9333-7d28f4b523dc,Song 68,Artist 8,Pop,6.14
27dd5e02-85b9-4b44-8470-c68bdf69caf7,user_52,user_52@example.com,0912f14a-1a80-4389-95a4-d11d7dafb5bc,451.98,658f0a0c-c2d3-4c4a-bfe4-d194ac454474,Song 69,Artist 9,Electronic,10.77
bcb76878-86df-4b81-a1b5-97c67458073c,user_25,user_25@example.com,24866ecb-e0df-40a5-be3a-32bf0a69b41c,180.98,eb6ced43-5118-4a97-9b57-8c860999e09f,Song 33,Artist 13,Electronic,14.09
9ffaf078-3e21-4f51-a709-dda105cfa9d4,user_36,user_36@example.com,9dc115b4-8788-4a10-8416-f38b544d967c,238.61,fd1cffde-8ab8-4b17-a5d9-6d43fce0219f,Song 150,Artist 10,Electronic,9.59
681890ac-7cc9-48e6-a38b-25c3486c6f19,user_54,user_54@example.com,0a4120b3-16cf-418a-ac22-ee20200d59f0,375.33,526e9896-bf4f-401a-ad38-74e076b423ef,Song 30,Artist 10,Pop,5.37
f006deb0-668d-4b52-8e84-2004a133a168,user_99,user_99@example.com,33146dca-d6d0-4aa9-9846-91f2735b6d7b,178.64,d0431322-c235-43b0-b719-d378eba42ac9,Song 168,Artist 8,Rock,10.37
1d4652d7-56bc-4e1e-9f7c-05cae40036c7,user_17,user_17@example.com,43e7dcdf-014e-4fa4-abda-1c08278244be,118.19,1476b421-a4f3-4d55-a440-fd91337c339e,Song 109,Artist 9,Rock,10.97
86742079-e7db-4eb0-9d02-a66c18c448e1,user_1,user_1@example.com,2804a393-e116-46b2-a160-33013c86e89c,463.25,35cf17d6-0a0d-46ed-b15b-1004d9dca24a,Song 152,Artist 12,Rock,5.5
565e7418-ae61-4166-bd7d-563090559a76,user_49,user_49@example.com,d06480e8-7f5f-4078-b5f4-783ccd99ba5b,268.63,1f56df2f-980a-4de2-baae-543fc09f95ab,Song 14,Artist 14,Jazz,9.63
c6c4c519-1969-4236-bc9e-475077da8efa,user_71,user_71@example.com,49711198-6cb0-430e-84fc-28c60283f1d0,273.47,0415de07-c574-48d3-97f3-4a65e9084e97,Song 118,Artist 18,Rock,12.31
163d3f2a-928c-4827-a9d1-0d55cf2ba733,user_31,user_31@example.com,9abfd5d5-e676-43a0-ad46-8b1d283d9be4,482.06,a2cef430-e340-4145-83aa-ec71598bbad9,Song 151,Artist 11,Pop,12.69
f4500229-0662-4256-94ed-d1216b58fd5d,user_90,user_90@example.com,ff941cd0-9652-462f-a7db-2e8703632635,93.16,6e11084f-8634-4570-aee5-91dcd99018b0,Song 132,Artist 12,Electronic,10.01
aa44286a-184d-4ee3-a2c8-907bf503c2ef,user_68,user_68@example.com,7d06a94b-b30c-4133-b6ea-e638f9e48df2,33.15,f617a1f0-61d7-484e-83ba-02198c8683e4,Song 169,Artist 9,Jazz,9.37
1d4652d7-56bc-4e1e-9f7c-05cae40036c7,user_17,user_17@example.com,43e7dcdf-014e-4fa4-abda-1c08278244be,118.19,1f56df2f-980a-4de2-baae-543fc09f95ab,Song 14,Artist 14,Jazz,9.63
f586cf8d-6307-4d83-9425-51d55a0b8e81,user_30,user_30@example.com,a002a909-6aa7-47e4-a9f0-f01d74a13df7,242.5,c36dc33a-3e5c-4e75-bd2a-ee42c5d4ddb9,Song 76,Artist 16,Rock,2.26
ca5243b8-af39-4240-9329-641467eaaa32,user_63,user_63@example.com,82542883-7ebd-45cd-aac5-99a7b1ad4a1c,426.41,623d8a20-3f66-4c96-b0da-d799dcfa6ae3,Song 146,Artist 6,Rock,2.58
9dd2ca1d-810c-433c-ba02-1849b892b2bd,user_29,user_29@example.com,1425bbc2-d490-4d5f-a2d9-e17f923051b9,437.32,05d87baa-02d6-47df-b2c4-c7ccc61440ae,Song 43,Artist 3,Rock,6.72
4b21679e-cd65-4481-97f1-37f69fb5a00f,user_46,user_46@example.com,a86459af-4ad6-4527-9028-ee25e79b0572,181.24,0879e5a1-14a2-4a50-a7c6-fab796d48e7b,Song 154,Artist 14,Pop,15.48
c8a15071-e9c7-4c5e-b0b8-4feefa2b3de0,user_95,user_95@example.com,93337843-0af6-4511-903d-2b4edfb98c7c,497.18,623d8a20-3f66-4c96-b0da-d799dcfa6ae3,Song 146,Artist 6,Rock,2.58
0c90a684-2529-4681-b188-d200225d69a1,user_13,user_13@example.com,4d42b0dd-fb63-48a5-b0a0-0064dd6a57b8,291.09,0d591a26-7a84-40e2-ac09-bdc0524edd6f,Song 23,Artist 3,Rock,14.65
4b21679e-cd65-4481-97f1-37f69fb5a00f,user_46,user_46@example.com,a86459af-4ad6-4527-9028-ee25e79b0572,181.24,e3a23c4c-7fac-4175-bda6-b2cc6acdd5f7,Song 110,Artist 10,Electronic,11.08
61efbd43-89e0-4307-9ee3-4ccae1d53855,user_39,user_39@example.com,a1600e8b-be01-4ec8-900e-fed87666aa55,233.94,e43be2f0-7105-40dc-b9db-2b803c12036b,Song 65,Artist 5,Rock,12.31
6edec490-38c7-4d77-8a98-6cbed129fbef,user_35,user_35@example.com,2df63195-68b5-4dcf-aaf3-ee98d581079f,69.31,a0203e1f-951a-4377-abe9-02fbffb870f5,Song 129,Artist 9,Jazz,4.47
2e3e5798-4a9f-4268-a80d-3551a9e1843b,user_23,user_23@example.com,f03c5971-a27a-444b-bbed-1267ded77074,277.02,93d5f0cb-b16b-4bab-9fa4-9e0652b13cb2,Song 108,Artist 8,Jazz,9.32
0eb91322-2422-43f5-8578-efd06c74d26d,user_61,user_61@example.com,3f86983d-8a8f-45a5-b5f8-ba715968dca3,233.6,f8e82a40-4835-4896-af7a-d5aa3930e436,Song 145,Artist 5,Electronic,1.48
a1a35823-5afd-47c5-bc4b-d0687905aff3,user_53,user_53@example.com,cd5f1f30-db3b-443c-ac4d-5280d096adec,287.32,84d97b51-38bf-4e5f-8910-a88b7019151e,Song 7,Artist 7,Electronic,2.62
e1a8c706-a088-4144-9c12-4151d9c0ae03,user_70,user_70@example.com,2c0ac1af-e8f3-44ee-ad71-4ca508b469fc,332.05,531f93da-927c-4722-97ef-d018bd9cacbb,Song 35,Artist 15,Jazz,10.74
8f9d061c-a48e-4f8f-9650-5413126faba8,user_96,user_96@example.com,88d40f4f-03e4-410c-a4ac-6e4e705d6314,386.76,a8c5b695-a09d-4759-8960-55665e1b3882,Song 74,Artist 14,Pop,1.53
d2f795cd-fbf3-4d67-a77a-a6c35819bed5,user_76,user_76@example.com,a20f1e78-9427-471e-a04e-2214a8b6e617,24.17,e3a23c4c-7fac-4175-bda6-b2cc6acdd5f7,Song 110,Artist 10,Electronic,11.08
f276973f-fc54-4183-8842-dfaf0f3e204d,user_80,user_80@example.com,f43558a0-caca-4033-85c1-659a7982846c,66.53,0d591a26-7a84-40e2-ac09-bdc0524edd6f,Song 23,Artist 3,Rock,14.65
f239555d-3c3f-40a1-89e9-182b95deb061,user_4,user_4@example.com,9e643a42-e55f-41ca-931d-31a1e85fdc0e,319.28,ff96dd10-7732-4091-b3f8-288a42e68dc8,Song 15,Artist 15,Pop,9.47
5eeb8472-8c23-4bac-863e-b8b14848aef8,user_91,user_91@example.com,c0e6f628-157d-4762-acf5-1edad6c5d6b9,328.05,18655abc-d7af-4bc4-94ba-8402f1c748ca,Song 25,Artist 5,Jazz,7.84
0ff248ce-d66b-49ed-ba6f-87c1511aebd0,user_43,user_43@example.com,b17e9bd3-3a5a-494d-ad9c-2977548a3673,225.3,1bb6f453-6cdc-47f3-8255-68cc5ebd1d57,Song 157,Artist 17,Jazz,7.93
5d57ba56-8ad1-4748-ad7a-13d3572366ad,user_66,user_66@example.com,bb1197a8-37af-4217-91c2-b0e507303cae,226.56,c16a6e86-261f-47b5-8672-537831bc12de,Song 133,Artist 13,Pop,14.48
e825f796-b749-4370-992e-b95eec1f17e1,user_26,user_26@example.com,fa53f92c-0a22-4e56-ab41-e03f7b163029,150.17,a2cef430-e340-4145-83aa-ec71598bbad9,Song 151,Artist 11,Pop,12.69
e01f6194-2d7a-4959-9f0e-d4899c210b5c,user_60,user_60@example.com,51f4db68-97d0-4288-a53d-75816623830b,323.28,4d42cf45-a297-4bc0-b8f1-fa3f6a0652c5,Song 117,Artist 17,Jazz,14.89
3b748d0d-d688-490a-830e-91bc564720cf,user_64,user_64@example.com,ee5ac602-2cb1-44ac-88df-167fb35b680d,24.92,3e8e48b4-55f1-411a-8baa-f4da046cc73a,Song 28,Artist 8,Jazz,8.45
afa2fa55-4a1f-4d1e-a549-133cb0aa1341,user_75,user_75@example.com,bf53c31e-1242-43f5-9b13-87beb65abf92,364.56,95a36db4-2ed0-4afa-83d1-619d3e72b006,Song 19,Artist 19,Electronic,5.6
9dd2ca1d-810c-433c-ba02-1849b892b2bd,user_29,user_29@example.com,1425bbc2-d490-4d5f-a2d9-e17f923051b9,437.32,fff91d55-5df1-4f24-806f-4c44eadcd96f,Song 55,Artist 15,Pop,3.57
680305e9-e6cc-4a1b-acc7-dfc2263e95a1,user_94,user_94@example.com,4c9094b1-4038-4d69-beb2-ea23409434de,291.36,1476b421-a4f3-4d55-a440-fd91337c339e,Song 109,Artist 9,Rock,10.97
52654a62-f5ca-42fd-a87a-9647d0218bed,user_20,user_20@example.com,035458b7-4b2d-43a2-b530-a4a410918dc3,380.56,d008a4d4-9517-4e47-9ef9-e698b4820bea,Song 183,Artist 3,Rock,12.49
2e94fc08-1c17-426c-9d8f-26ac3bf92686,user_5,user_5@example.com,8dbe1a1a-f62a-4f84-815a-b888cdfefd03,106.13,531f93da-927c-4722-97ef-d018bd9cacbb,Song 35,Artist 15,Jazz,10.74
94130455-b282-4198-886c-f4b0661187a7,user_98,user_98@example.com,c0cfccce-2c7c-4e50-aaa7-3468cc9c07df,79.36,dcd7af11-3a0e-453b-9e2c-805ac08df68d,Song 199,Artist 19,Jazz,3.36
14dbf60c-dd8f-4520-aa50-a9e0459034de,user_97,user_97@example.com,c1c89f2b-dd63-4194-a0d7-8bd8052c0ae2,126.45,951850d5-7810-468c-827e-71000ea70d78,Song 163,Artist 3,Rock,8.64
1d080570-497d-477c-a56f-9d9c89cf9898,user_50,user_50@example.com,76cca7a9-47db-4079-ad22-6a077ed605e6,262.65,f617a1f0-61d7-484e-83ba-02198c8683e4,Song 169,Artist 9,Jazz,9.37
2e3e5798-4a9f-4268-a80d-3551a9e1843b,user_23,user_23@example.com,f03c5971-a27a-444b-bbed-1267ded77074,277.02,05d87baa-02d6-47df-b2c4-c7ccc61440ae,Song 43,Artist 3,Rock,6.72
5eeb8472-8c23-4bac-863e-b8b14848aef8,user_91,user_91@example.com,c0e6f628-157d-4762-acf5-1edad6c5d6b9,328.05,68359291-cfc0-4d0b-8265-d4b7bd4efda8,Song 53,Artist 13,Rock,11.21
0c90a684-2529-4681-b188-d200225d69a1,user_13,user_13@example.com,4d42b0dd-fb63-48a5-b0a0-0064dd6a57b8,291.09,9b1f4c7e-40dc-41ca-899c-5775be4112fd,Song 78,Artist 18,Rock,6.3
00070552-838d-47f5-ad7d-d6678d769d2f,user_72,user_72@example.com,ef3eb137-c64d-4c22-906a-4ce316ad4fe6,83.24,d7e761cb-2766-40bf-8326-0c56b1242cf2,Song 136,Artist 16,Jazz,7.88
1420279d-39e6-45d8-9055-abbff3d67f64,user_45,user_45@example.com,dd486e82-75ac-4279-9c57-8147b0d9779a,114.04,fff91d55-5df1-4f24-806f-4c44eadcd96f,Song 55,Artist 15,Pop,3.57
2e3e5798-4a9f-4268-a80d-3551a9e1843b,user_23,user_23@example.com,f03c5971-a27a-444b-bbed-1267ded77074,277.02,eb6ced43-5118-4a97-9b57-8c860999e09f,Song 33,Artist 13,Electronic,14.09
9a9c256e-763a-4857-8e59-b7b873ee0c31,user_32,user_32@example.com,cc8f1503-a607-4593-9978-c135fd5a97b3,256.94,b78fb09b-2a3c-465f-8998-dea97e9f926e,Song 182,Artist 2,Electronic,14.4
52654a62-f5ca-42fd-a87a-9647d0218bed,user_20,user_20@example.com,035458b7-4b2d-43a2-b530-a4a410918dc3,380.56,856c9c9a-2587-48f0-a61f-30be521efff5,Song 37,Artist 17,Electronic,4.57
0ff248ce-d66b-49ed-ba6f-87c1511aebd0,user_43,user_43@example.com,b17e9bd3-3a5a-494d-ad9c-2977548a3673,225.3,52a680c4-01ad-4c7c-9403-81363579dc0c,Song 119,Artist 19,Jazz,13.75
71a9498f-f7f3-4d87-9a10-5e1836e3cd76,user_33,user_33@example.com,9453a219-e89f-4691-927e-9f9ec66bc6e4,402.46,68359291-cfc0-4d0b-8265-d4b7bd4efda8,Song 53,Artist 13,Rock,11.21
f276973f-fc54-4183-8842-dfaf0f3e204d,user_80,user_80@example.com,f43558a0-caca-4033-85c1-659a7982846c,66.53,630dc38e-90c1-4149-8969-3433f114d9f1,Song 106,Artist 6,Jazz,2.09
0eb91322-2422-43f5-8578-efd06c74d26d,user_61,user_61@example.com,3f86983d-8a8f-45a5-b5f8-ba715968dca3,233.6,66efb4df-0b10-4f5a-815e-3b8e56073330,Song 41,Artist 1,Rock,14.58
a722aafe-8a59-416e-984f-aa2a773ba32d,user_38,user_38@example.com,3d5929b9-230d-498c-a1aa-f22860bfc542,298.62,f9f1bcea-b86a-48b2-a2dc-1caab7e9c9ff,Song 124,Artist 4,Jazz,7.76
e12cc456-2db7-4807-9d77-4d1af05337e0,user_15,user_15@example.com,af58f396-b448-41f5-b853-1960a2defc98,486.05,fff91d55-5df1-4f24-806f-4c44eadcd96f,Song 55,Artist 15,Pop,3.57
d81f8e26-c977-42d8-a983-7dca07cf6568,user_24,user_24@example.com,02f32efc-6647-4b49-9e5a-a92feb583644,422.08,e3a23c4c-7fac-4175-bda6-b2cc6acdd5f7,Song 110,Artist 10,Electronic,11.08
fb1cc971-3210-4dda-914b-b4f1498b088b,user_83,user_83@example.com,b71bad17-6103-48ab-9a5b-d76f8a69e43b,490.25,17f197da-6fa3-40f3-a881-1b8e43ef8556,Song 144,Artist 4,Pop,8.77
9a9c256e-763a-4857-8e59-b7b873ee0c31,user_32,user_32@example.com,cc8f1503-a607-4593-9978-c135fd5a97b3,256.94,9798c44e-c826-4588-a838-c5a350ccfe8c,Song 67,Artist 7,Pop,8.79
a1a35823-5afd-47c5-bc4b-d0687905aff3,user_53,user_53@example.com,cd5f1f30-db3b-443c-ac4d-5280d096adec,287.32,05d87baa-02d6-47df-b2c4-c7ccc61440ae,Song 43,Artist 3,Rock,6.72
bdd9bd5d-5ac5-4465-a49c-acd8281c0407,user_59,user_59@example.com,99849c90-5f2a-42fc-b268-128e3c17bc66,30.39,7453af21-187f-42db-9f58-716ed315b1d5,Song 196,Artist 16,Jazz,13.2
bdd9bd5d-5ac5-4465-a49c-acd8281c0407,user_59,user_59@example.com,99849c90-5f2a-42fc-b268-128e3c17bc66,30.39,f5f5a4f5-b8fd-4382-9913-caa7f5b93b96,Song 179,Artist 19,Pop,14.61
4c462a9c-81f2-48d5-9ca5-2db98c8c9355,user_6,user_6@example.com,157a5e1f-31e3-4264-92fb-e38cc91123b4,126.61,81abbe14-90ec-4ca8-9c1c-070517c7a8cd,Song 175,Artist 15,Jazz,4.39
6eeaf898-3bf6-4184-9836-88c1d3da5a1a,user_85,user_85@example.com,7d69b436-eb13-4662-b17f-c79ff8326d99,209.07,951850d5-7810-468c-827e-71000ea70d78,Song 163,Artist 3,Rock,8.64
95f916ee-dc1b-4a47-bef6-4ec87b98142f,user_19,user_19@example.com,bc55c0b2-849b-4482-8863-c46a733b1030,26.52,05d87baa-02d6-47df-b2c4-c7ccc61440ae,Song 43,Artist 3,Rock,6.72
e1a27ee5-4393-4d9d-89bb-7d242c4d0361,user_7,user_7@example.com,2b9dae43-66cb-4116-9680-a6933ecc7bff,127.39,d008a4d4-9517-4e47-9ef9-e698b4820bea,Song 183,Artist 3,Rock,12.49
95f916ee-dc1b-4a47-bef6-4ec87b98142f,user_19,user_19@example.com,bc55c0b2-849b-4482-8863-c46a733b1030,26.52,686a1146-eda8-41db-b6e8-63538ce6a8dd,Song 190,Artist 10,Jazz,11.19
42f5859f-840a-4ef6-bffa-8c709c574e02,user_84,user_84@example.com,54ea74b3-b46d-43a6-afc5-1e6c3781a5d1,126.32,9f3a862e-e2e5-4324-a6fe-b7aa5a76e4da,Song 50,Artist 10,Pop,7.44
a722aafe-8a59-416e-984f-aa2a773ba32d,user_38,user_38@example.com,3d5929b9-230d-498c-a1aa-f22860bfc542,298.62,4558dc83-f1f7-4dfe-8b9a-cd10c55be3ca,Song 38,Artist 18,Electronic,11.87
e1a27ee5-4393-4d9d-89bb-7d242c4d0361,user_7,user_7@example.com,2b9dae43-66cb-4116-9680-a6933ecc7bff,127.39,c4410ac5-d1a1-4a4f-846d-7f51a126f356,Song 135,Artist 15,Pop,1.05
e1a27ee5-4393-4d9d-89bb-7d242c4d0361,user_7,user_7@example.com,2b9dae43-66cb-4116-9680-a6933ecc7bff,127.39,ff96dd10-7732-4091-b3f8-288a42e68dc8,Song 15,Artist 15,Pop,9.47
e69559ef-f69e-4359-aa06-9912421e0367,user_37,user_37@example.com,7a1ae2d5-f921-4a66-ad0d-5f5577c6c6a8,154.47,bd1494a7-6adc-4372-9d65-df8465637d05,Song 36,Artist 16,Rock,2.07
e2585ad7-6031-4944-a120-6a3e8f1b469d,user_51,user_51@example.com,266722c6-1a3e-4589-8f57-dc4bc52b61b7,201.22,bd1494a7-6adc-4372-9d65-df8465637d05,Song 36,Artist 16,Rock,2.07
db71e7dd-e3ca-4544-a101-fc953fd12de4,user_73,user_73@example.com,a27910be-178b-4112-a51a-aaa4fe103710,426.66,6d9afff1-ae1a-468b-8cf5-4e631b65fee4,Song 140,Artist 0,Pop,5.2
3a1e163a-3555-4eda-800d-76157d3a9bef,user_9,user_9@example.com,462595d4-7790-4972-b6fd-ac5c33b10173,39.89,4af206ba-6331-4d63-93a4-70b577f62a9e,Song 134,Artist 14,Pop,14.65
5bf3e1c4-7ec7-447d-a89d-01f0d17d7a30,user_12,user_12@example.com,ca209542-e12d-475f-9824-13e551d8ea53,292.19,f71643b8-3f65-4c0b-98b6-88bbf382dca2,Song 77,Artist 17,Electronic,10.29
61efbd43-89e0-4307-9ee3-4ccae1d53855,user_39,user_39@example.com,a1600e8b-be01-4ec8-900e-fed87666aa55,233.94,7b7a5606-10a0-4833-9e4e-9ad6bc004879,Song 9,Artist 9,Jazz,10.85
e1a27ee5-4393-4d9d-89bb-7d242c4d0361,user_7,user_7@example.com,2b9dae43-66cb-4116-9680-a6933ecc7bff,127.39,78a1c54f-620a-43cc-95eb-f2088d93ffdc,Song 66,Artist 6,Jazz,11.38
ca5243b8-af39-4240-9329-641467eaaa32,user_63,user_63@example.com,82542883-7ebd-45cd-aac5-99a7b1ad4a1c,426.41,a0203e1f-951a-4377-abe9-02fbffb870f5,Song 129,Artist 9,Jazz,4.47
94130455-b282-4198-886c-f4b0661187a7,user_98,user_98@example.com,c0cfccce-2c7c-4e50-aaa7-3468cc9c07df,79.36,483db1a8-e96c-49c3-8a84-ef8e1e0a1ebd,Song 48,Artist 8,Pop,5.47
f276973f-fc54-4183-8842-dfaf0f3e204d,user_80,user_80@example.com,f43558a0-caca-4033-85c1-659a7982846c,66.53,59d38e43-5586-4cbf-9c22-1bd04dc7e13e,Song 104,Artist 4,Pop,9.1
4c462a9c-81f2-48d5-9ca5-2db98c8c9355,user_6,user_6@example.com,157a5e1f-31e3-4264-92fb-e38cc91123b4,126.61,7b7a5606-10a0-4833-9e4e-9ad6bc004879,Song 9,Artist 9,Jazz,10.85
163d3f2a-928c-4827-a9d1-0d55cf2ba733,user_31,user_31@example.com,9abfd5d5-e676-43a0-ad46-8b1d283d9be4,482.06,658f0a0c-c2d3-4c4a-bfe4-d194ac454474,Song 69,Artist 9,Electronic,10.77
db71e7dd-e3ca-4544-a101-fc953fd12de4,user_73,user_73@example.com,a27910be-178b-4112-a51a-aaa4fe103710,426.66,80bb3212-41f7-40b9-aa97-7986f3689350,Song 17,Artist 17,Jazz,3.25
1b6a1211-7f26-43bf-b974-5e882d677bc2,user_14,user_14@example.com,87a3a573-aa19-449e-9caa-0e2868423b92,23.32,6538c70d-b4d5-47d7-a5fb-5d17b3e4ef76,Song 95,Artist 15,Pop,5.02
9a9c256e-763a-4857-8e59-b7b873ee0c31,user_32,user_32@example.com,cc8f1503-a607-4593-9978-c135fd5a97b3,256.94,4fd81aa5-9ba7-463a-a265-728f218eafe9,Song 193,Artist 13,Pop,5.48
42f5859f-840a-4ef6-bffa-8c709c574e02,user_84,user_84@example.com,54ea74b3-b46d-43a6-afc5-1e6c3781a5d1,126.32,a8021cf8-1b9c-4fd8-8e3d-937b72566d53,Song 123,Artist 3,Electronic,15.98
5dee0afa-0256-4d13-ad33-11232be7fe52,user_34,user_34@example.com,48feb919-0ccb-4e77-b42a-88f8f1f1c083,248.05,95a36db4-2ed0-4afa-83d1-619d3e72b006,Song 19,Artist 19,Electronic,5.6
80f63cb3-118f-4132-bedf-c297efb250fe,user_42,user_42@example.com,dac6f077-eced-4b8c-9e33-10263030cff8,464.94,658f0a0c-c2d3-4c4a-bfe4-d194ac454474,Song 69,Artist 9,Electronic,10.77
f276973f-fc54-4183-8842-dfaf0f3e204d,user_80,user_80@example.com,f43558a0-caca-4033-85c1-659a7982846c,66.53,d008a4d4-9517-4e47-9ef9-e698b4820bea,Song 183,Artist 3,Rock,12.49
6edec490-38c7-4d77-8a98-6cbed129fbef,user_35,user_35@example.com,2df63195-68b5-4dcf-aaf3-ee98d581079f,69.31,78a1c54f-620a-43cc-95eb-f2088d93ffdc,Song 66,Artist 6,Jazz,11.38
db71e7dd-e3ca-4544-a101-fc953fd12de4,user_73,user_73@example.com,a27910be-178b-4112-a51a-aaa4fe103710,426.66,f5f5a4f5-b8fd-4382-9913-caa7f5b93b96,Song 179,Artist 19,Pop,14.61
9a9c256e-763a-4857-8e59-b7b873ee0c31,user_32,user_32@example.com,cc8f1503-a607-4593-9978-c135fd5a97b3,256.94,a270fd6c-fa6d-4872-962b-bef601277d40,Song 177,Artist 17,Pop,8.7
4c462a9c-81f2-48d5-9ca5-2db98c8c9355,user_6,user_6@example.com,157a5e1f-31e3-4264-92fb-e38cc91123b4,126.61,bb2433ad-263b-4060-839b-4f20cf6cdda1,Song 194,Artist 14,Rock,6.69
794e4561-728c-4b88-b620-3bc7c25b8825,user_44,user_44@example.com,a960f908-664c-4a7b-a6da-338aca386569,407.69,951850d5-7810-468c-827e-71000ea70d78,Song 163,Artist 3,Rock,8.64
0f9edd76-f58a-4c84-88e5-435569c86618,user_69,user_69@example.com,cef3fdee-bed7-4371-b320-5dbc8089d643,46.23,52a680c4-01ad-4c7c-9403-81363579dc0c,Song 119,Artist 19,Jazz,13.75
92ecce5a-294e-4658-941a-5f2d66661c50,user_77,user_77@example.com,05ac083a-a96b-4907-93fb-bd3f56eb2883,325.12,d0431322-c235-43b0-b719-d378eba42ac9,Song 168,Artist 8,Rock,10.37
52654a62-f5ca-42fd-a87a-9647d0218bed,user_20,user_20@example.com,035458b7-4b2d-43a2-b530-a4a410918dc3,380.56,3a003d95-40f2-4196-b4fe-233efe5d3d21,Song 92,Artist 12,Jazz,7.28
ec461be4-4daf-423f-80d6-fd0ba235f9c7,user_48,user_48@example.com,255feff2-5b74-435e-a36b-f5fd24efc4e7,424.92,483db1a8-e96c-49c3-8a84-ef8e1e0a1ebd,Song 48,Artist 8,Pop,5.47
5eeb8472-8c23-4bac-863e-b8b14848aef8,user_91,user_91@example.com,c0e6f628-157d-4762-acf5-1edad6c5d6b9,328.05,6014ab2e-287a-4069-adf2-85432ebeca8b,Song 44,Artist 4,Pop,1.7
6cc2b853-4faf-4b65-ab01-fe9fdef8221b,user_22,user_22@example.com,0f67f8aa-cd6d-4ede-8c1d-3aed01c3876f,354.35,75cabf06-31a9-4341-9a12-cddb1c8e3a93,Song 121,Artist 1,Electronic,7.28
80f63cb3-118f-4132-bedf-c297efb250fe,user_42,user_42@example.com,dac6f077-eced-4b8c-9e33-10263030cff8,464.94,90ba64ca-50f5-4791-8aad-cfdde79d245d,Song 46,Artist 6,Rock,2.66
9ffaf078-3e21-4f51-a709-dda105cfa9d4,user_36,user_36@example.com,9dc115b4-8788-4a10-8416-f38b544d967c,238.61,1476b421-a4f3-4d55-a440-fd91337c339e,Song 109,Artist 9,Rock,10.97
5eeb8472-8c23-4bac-863e-b8b14848aef8,user_91,user_91@example.com,c0e6f628-157d-4762-acf5-1edad6c5d6b9,328.05,e43be2f0-7105-40dc-b9db-2b803c12036b,Song 65,Artist 5,Rock,12.31
0f9edd76-f58a-4c84-88e5-435569c86618,user_69,user_69@example.com,cef3fdee-bed7-4371-b320-5dbc8089d643,46.23,dbfea75c-fff7-4ec5-be51-c48ec2075bc4,Song 167,Artist 7,Pop,15.94
4c462a9c-81f2-48d5-9ca5-2db98c8c9355,user_6,user_6@example.com,157a5e1f-31e3-4264-92fb-e38cc91123b4,126.61,4558dc83-f1f7-4dfe-8b9a-cd10c55be3ca,Song 38,Artist 18,Electronic,11.87
e825f796-b749-4370-992e-b95eec1f17e1,user_26,user_26@example.com,fa53f92c-0a22-4e56-ab41-e03f7b163029,150.17,93d5f0cb-b16b-4bab-9fa4-9e0652b13cb2,Song 108,Artist 8,Jazz,9.32
c8a15071-e9c7-4c5e-b0b8-4feefa2b3de0,user_95,user_95@example.com,93337843-0af6-4511-903d-2b4edfb98c7c,497.18,56c8bbdf-1c8e-49cf-b3e8-addc52a65cb1,Song 72,Artist 12,Electronic,1.15
bcb76878-86df-4b81-a1b5-97c67458073c,user_25,user_25@example.com,24866ecb-e0df-40a5-be3a-32bf0a69b41c,180.98,4efcf117-4d76-4316-ac43-c06fb1c75a5e,Song 107,Artist 7,Jazz,6.54
9a9c256e-763a-4857-8e59-b7b873ee0c31,user_32,user_32@example.com,cc8f1503-a607-4593-9978-c135fd5a97b3,256.94,e6777b42-9715-4f0b-ad9b-597b88699f1f,Song 137,Artist 17,Jazz,12.03
4b21679e-cd65-4481-97f1-37f69fb5a00f,user_46,user_46@example.com,a86459af-4ad6-4527-9028-ee25e79b0572,181.24,ddd96dac-f15b-4bb1-b590-e48085f87f62,Song 62,Artist 2,Electronic,11.85
1bdd7e34-bf5f-4df4-bcdc-d8cbdf3a75ba,user_92,user_92@example.com,e639fce7-399a-4bb8-a881-e1e943b84b64,29.28,ffb7e929-3c8a-4f5d-ae65-0c2004558e88,Song 101,Artist 1,Jazz,14.67
aa44286a-184d-4ee3-a2c8-907bf503c2ef,user_68,user_68@example.com,7d06a94b-b30c-4133-b6ea-e638f9e48df2,33.15,dbe539be-4d2f-4fdf-93c1-61c508e22d2a,Song 91,Artist 11,Jazz,13.91
0c90a684-2529-4681-b188-d200225d69a1,user_13,user_13@example.com,4d42b0dd-fb63-48a5-b0a0-0064dd6a57b8,291.09,3a330ae4-bf07-4437-ac9b-ee9d75c4b6a9,Song 58,Artist 18,Pop,10.05
681890ac-7cc9-48e6-a38b-25c3486c6f19,user_54,user_54@example.com,0a4120b3-16cf-418a-ac22-ee20200d59f0,375.33,fa245b29-5a11-461c-89b9-392deae4b48d,Song 64,Artist 4,Jazz,12.42
80f63cb3-118f-4132-bedf-c297efb250fe,user_42,user_42@example.com,dac6f077-eced-4b8c-9e33-10263030cff8,464.94,3aad537b-2156-4416-98f2-b9ee35c21da5,Song 29,Artist 9,Electronic,6.14
4f428b57-c938-4983-8574-12b25e4ce0ee,user_2,user_2@example.com,dc3bb6cd-2c8d-4029-b977-f4fea4e1cda1,178.58,0799b41b-3f6e-4899-9dc5-3c2aabf20fe1,Song 184,Artist 4,Jazz,9.21
f006deb0-668d-4b52-8e84-2004a133a168,user_99,user_99@example.com,33146dca-d6d0-4aa9-9846-91f2735b6d7b,178.64,66efb4df-0b10-4f5a-815e-3b8e56073330,Song 41,Artist 1,Rock,14.58
e69559ef-f69e-4359-aa06-9912421e0367,user_37,user_37@example.com,7a1ae2d5-f921-4a66-ad0d-5f5577c6c6a8,154.47,40a1736f-db25-424a-a6e5-6bfb27c4e8d9,Song 189,Artist 9,Electronic,2.87
52654a62-f5ca-42fd-a87a-9647d0218bed,user_20,user_20@example.com,035458b7-4b2d-43a2-b530-a4a410918dc3,380.56,d7da124d-f4f0-48ff-a925-3ca9dc237525,Song 171,Artist 11,Pop,13.33
db71e7dd-e3ca-4544-a101-fc953fd12de4,user_73,user_73@example.com,a27910be-178b-4112-a51a-aaa4fe103710,426.66,2c56670a-1e03-4b82-8f39-f736fb42db28,Song 80,Artist 0,Rock,1.01
ca5243b8-af39-4240-9329-641467eaaa32,user_63,user_63@example.com,82542883-7ebd-45cd-aac5-99a7b1ad4a1c,426.41,f5f5a4f5-b8fd-4382-9913-caa7f5b93b96,Song 179,Artist 19,Pop,14.61
e2585ad7-6031-4944-a120-6a3e8f1b469d,user_51,user_51@example.com,266722c6-1a3e-4589-8f57-dc4bc52b61b7,201.22,f9f1bcea-b86a-48b2-a2dc-1caab7e9c9ff,Song 124,Artist 4,Jazz,7.76
f4500229-0662-4256-94ed-d1216b58fd5d,user_90,user_90@example.com,ff941cd0-9652-462f-a7db-2e8703632635,93.16,824d26f0-9e62-4b2c-af44-bdc2579a98d0,Song 51,Artist 11,Electronic,6.07
2e3e5798-4a9f-4268-a80d-3551a9e1843b,user_23,user_23@example.com,f03c5971-a27a-444b-bbed-1267ded77074,277.02,d5310e46-ef9c-4c7f-a386-c357155b968d,Song 47,Artist 7,Pop,15.58
fb1cc971-3210-4dda-914b-b4f1498b088b,user_83,user_83@example.com,b71bad17-6103-48ab-9a5b-d76f8a69e43b,490.25,e4623012-f31d-42fb-8922-a4010439323a,Song 180,Artist 0,Pop,1.54
6edec490-38c7-4d77-8a98-6cbed129fbef,user_35,user_35@example.com,2df63195-68b5-4dcf-aaf3-ee98d581079f,69.31,b67ec4b1-dcde-4fc6-a7a1-142d31fb69cf,Song 32,Artist 12,Electronic,3.01
7f784d0e-64d7-493f-84a5-67324f644198,user_79,user_79@example.com,4c56935a-b7ed-4fb6-b7ac-5c8622bd8424,307.33,f617a1f0-61d7-484e-83ba-02198c8683e4,Song 169,Artist 9,Jazz,9.37
fb1cc971-3210-4dda-914b-b4f1498b088b,user_83,user_83@example.com,b71bad17-6103-48ab-9a5b-d76f8a69e43b,490.25,fbade4f8-99ef-480e-a90f-bc6b812c0c0f,Song 84,Artist 4,Pop,11.84
e825f796-b749-4370-992e-b95eec1f17e1,user_26,user_26@example.com,fa53f92c-0a22-4e56-ab41-e03f7b163029,150.17,ca7affdd-faa7-4004-a852-e075a24ddab7,Song 8,Artist 8,Pop,12.61
9c9b32e3-796e-4c07-a1f8-eb82d772a9bb,user_93,user_93@example.com,91f43786-67c2-4229-af8d-877849178f80,399.65,7453af21-187f-42db-9f58-716ed315b1d5,Song 196,Artist 16,Jazz,13.2
e12cc456-2db7-4807-9d77-4d1af05337e0,user_15,user_15@example.com,af58f396-b448-41f5-b853-1960a2defc98,486.05,21defdcd-0600-4c2f-8819-757d71787d20,Song 114,Artist 14,Rock,13.57
a1a35823-5afd-47c5-bc4b-d0687905aff3,user_53,user_53@example.com,cd5f1f30-db3b-443c-ac4d-5280d096adec,287.32,f9ad728f-fa39-463e-ad94-216104a1f311,Song 139,Artist 19,Electronic,1.3
e1a27ee5-4393-4d9d-89bb-7d242c4d0361,user_7,user_7@example.com,2b9dae43-66cb-4116-9680-a6933ecc7bff,127.39,0ef4e954-221d-4c48-9da7-53bc241d9501,Song 1,Artist 1,Pop,10.56
565e7418-ae61-4166-bd7d-563090559a76,user_49,user_49@example.com,d06480e8-7f5f-4078-b5f4-783ccd99ba5b,268.63,f5f5a4f5-b8fd-4382-9913-caa7f5b93b96,Song 179,Artist 19,Pop,14.61
680305e9-e6cc-4a1b-acc7-dfc2263e95a1,user_94,user_94@example.com,4c9094b1-4038-4d69-beb2-ea23409434de,291.36,4af206ba-6331-4d63-93a4-70b577f62a9e,Song 134,Artist 14,Pop,14.65
2e94fc08-1c17-426c-9d8f-26ac3bf92686,user_5,user_5@example.com,8dbe1a1a-f62a-4f84-815a-b888cdfefd03,106.13,fbade4f8-99ef-480e-a90f-bc6b812c0c0f,Song 84,Artist 4,Pop,11.84
347a29cf-91bd-4903-a2ec-4c524a2e82a4,user_10,user_10@example.com,32262bfb-d5a4-4e75-b120-1811452f145f,11.88,4d42cf45-a297-4bc0-b8f1-fa3f6a0652c5,Song 117,Artist 17,Jazz,14.89
c6c4c519-1969-4236-bc9e-475077da8efa,user_71,user_71@example.com,49711198-6cb0-430e-84fc-28c60283f1d0,273.47,0ef4e954-221d-4c48-9da7-53bc241d9501,Song 1,Artist 1,Pop,10.56
bd9cb0a6-2dbe-48fd-99e5-36c168b28898,user_56,user_56@example.com,33a8361f-3c4c-4ab9-9a52-de5d7567fb4c,496.35,4a98fb4b-8b7f-4edc-b75d-2b83055ef836,Song 83,Artist 3,Rock,7.39
bacc9f5d-9ab2-4722-a7d9-823e849017f5,user_0,user_0@example.com,4d3e8692-0cff-40cc-81ed-8cf9e2cc3327,235.76,658f0a0c-c2d3-4c4a-bfe4-d194ac454474,Song 69,Artist 9,Electronic,10.77
04a938f8-4e17-45fa-98b4-416b40a2b138,user_67,user_67@example.com,c482d468-0544-41ff-903f-2b8cc8257690,479.93,ed3e6881-099c-4155-9941-05aef534516d,Song 149,Artist 9,Electronic,15.87
38e8ce19-a27f-420f-9ea1-f785beead92d,user_58,user_58@example.com,be9c70c0-37af-4e55-8b7f-8f1895c2cef4,413.37,511c8491-9b6a-4b82-8837-2f0c38734549,Song 42,Artist 2,Electronic,11.07
d2f795cd-fbf3-4d67-a77a-a6c35819bed5,user_76,user_76@example.com,a20f1e78-9427-471e-a04e-2214a8b6e617,24.17,90c0ef12-0aa1-464c-abf6-c0b7c5fbe970,Song 49,Artist 9,Pop,12.35
d81f8e26-c977-42d8-a983-7dca07cf6568,user_24,user_24@example.com,02f32efc-6647-4b49-9e5a-a92feb583644,422.08,6e423998-2d2c-4f06-a9f0-d9c435675091,Song 127,Artist 7,Rock,10.87
350713c6-992d-4242-8ff0-e8cd233eb45c,user_89,user_89@example.com,299df01a-9cf5-4465-a3d9-bb10fd6aa836,14.65,6953521c-4795-449e-b8bc-c86d49c89a79,Song 111,Artist 11,Pop,13.88
4f428b57-c938-4983-8574-12b25e4ce0ee,user_2,user_2@example.com,dc3bb6cd-2c8d-4029-b977-f4fea4e1cda1,178.58,17f197da-6fa3-40f3-a881-1b8e43ef8556,Song 144,Artist 4,Pop,8.77
e01f6194-2d7a-4959-9f0e-d4899c210b5c,user_60,user_60@example.com,51f4db68-97d0-4288-a53d-75816623830b,323.28,1b1aada1-d566-45a2-bffa-9659bcd2cc8d,Song 178,Artist 18,Electronic,7.58
1bdd7e34-bf5f-4df4-bcdc-d8cbdf3a75ba,user_92,user_92@example.com,e639fce7-399a-4bb8-a881-e1e943b84b64,29.28,25b906b7-0557-4609-824c-c200d8309f53,Song 12,Artist 12,Pop,4.72
95f916ee-dc1b-4a47-bef6-4ec87b98142f,user_19,user_19@example.com,bc55c0b2-849b-4482-8863-c46a733b1030,26.52,4af206ba-6331-4d63-93a4-70b577f62a9e,Song 134,Artist 14,Pop,14.65
0eb91322-2422-43f5-8578-efd06c74d26d,user_61,user_61@example.com,3f86983d-8a8f-45a5-b5f8-ba715968dca3,233.6,ffb7e929-3c8a-4f5d-ae65-0c2004558e88,Song 101,Artist 1,Jazz,14.67
db71e7dd-e3ca-4544-a101-fc953fd12de4,user_73,user_73@example.com,a27910be-178b-4112-a51a-aaa4fe103710,426.66,a49bd760-c70d-4dec-9d9e-34ef5345134d,Song 94,Artist 14,Pop,13.01
4f428b57-c938-4983-8574-12b25e4ce0ee,user_2,user_2@example.com,dc3bb6cd-2c8d-4029-b977-f4fea4e1cda1,178.58,43a59960-9c11-4a6f-9323-114e7273842e,Song 2,Artist 2,Electronic,10.73
1d4652d7-56bc-4e1e-9f7c-05cae40036c7,user_17,user_17@example.com,43e7dcdf-014e-4fa4-abda-1c08278244be,118.19,1476b421-a4f3-4d55-a440-fd91337c339e,Song 109,Artist 9,Rock,10.97
e873700b-99ea-4952-aa01-20c5a8a19575,user_21,user_21@example.com,dd0f6eb4-e743-4c04-80ee-611c3bd3f0ee,197.37,80bb3212-41f7-40b9-aa97-7986f3689350,Song 17,Artist 17,Jazz,3.25
aa44286a-184d-4ee3-a2c8-907bf503c2ef,user_68,user_68@example.com,7d06a94b-b30c-4133-b6ea-e638f9e48df2,33.15,a8021cf8-1b9c-4fd8-8e3d-937b72566d53,Song 123,Artist 3,Electronic,15.98
ca5243b8-af39-4240-9329-641467eaaa32,user_63,user_63@example.com,82542883-7ebd-45cd-aac5-99a7b1ad4a1c,426.41,c36dc33a-3e5c-4e75-bd2a-ee42c5d4ddb9,Song 76,Artist 16,Rock,2.26
bdd9bd5d-5ac5-4465-a49c-acd8281c0407,user_59,user_59@example.com,99849c90-5f2a-42fc-b268-128e3c17bc66,30.39,80bb3212-41f7-40b9-aa97-7986f3689350,Song 17,Artist 17,Jazz,3.25
c6c4c519-1969-4236-bc9e-475077da8efa,user_71,user_71@example.com,49711198-6cb0-430e-84fc-28c60283f1d0,273.47,56c8bbdf-1c8e-49cf-b3e8-addc52a65cb1,Song 72,Artist 12,Electronic,1.15
95f916ee-dc1b-4a47-bef6-4ec87b98142f,user_19,user_19@example.com,bc55c0b2-849b-4482-8863-c46a733b1030,26.52,bfcd5a54-0ac7-4d83-ba67-536dadd6d5a7,Song 195,Artist 15,Pop,10.31
d2f795cd-fbf3-4d67-a77a-a6c35819bed5,user_76,user_76@example.com,a20f1e78-9427-471e-a04e-2214a8b6e617,24.17,1d9a2078-5335-4994-8bbc-6f5d625117d5,Song 186,Artist 6,Rock,11.32
bdd9bd5d-5ac5-4465-a49c-acd8281c0407,user_59,user_59@example.com,99849c90-5f2a-42fc-b268-128e3c17bc66,30.39,d2c24ece-d12b-49c9-a97d-e5a0b08f9bf7,Song 153,Artist 13,Pop,1.0
04a938f8-4e17-45fa-98b4-416b40a2b138,user_67,user_67@example.com,c482d468-0544-41ff-903f-2b8cc8257690,479.93,bfcd5a54-0ac7-4d83-ba67-536dadd6d5a7,Song 195,Artist 15,Pop,10.31
a09eabfc-9d07-4966-9c8c-c85d55940402,user_78,user_78@example.com,cd147e46-196d-4e13-be9c-8bec98d8ca79,319.63,3aad537b-2156-4416-98f2-b9ee35c21da5,Song 29,Artist 9,Electronic,6.14
a09eabfc-9d07-4966-9c8c-c85d55940402,user_78,user_78@example.com,cd147e46-196d-4e13-be9c-8bec98d8ca79,319.63,d2bcda26-62c2-47aa-a840-fae944bf7087,Song 102,Artist 2,Jazz,14.09
1b6a1211-7f26-43bf-b974-5e882d677bc2,user_14,user_14@example.com,87a3a573-aa19-449e-9caa-0e2868423b92,23.32,905e45fc-c321-499a-8c57-a7ea08522003,Song 172,Artist 12,Rock,14.19
61efbd43-89e0-4307-9ee3-4ccae1d53855,user_39,user_39@example.com,a1600e8b-be01-4ec8-900e-fed87666aa55,233.94,19c6f33b-c111-4547-8f88-32e5560fc120,Song 98,Artist 18,Pop,12.82
119c0181-dfc4-46f5-8de2-7b1d6084c889,user_47,user_47@example.com,ab8a39b6-0bf1-428b-befd-f4b4dcc1e059,152.44,a6e56e8d-2452-4a22-ba66-99fd5831bbf0,Song 176,Artist 16,Pop,9.3
e12cc456-2db7-4807-9d77-4d1af05337e0,user_15,user_15@example.com,af58f396-b448-41f5-b853-1960a2defc98,486.05,d2c24ece-d12b-49c9-a97d-e5a0b08f9bf7,Song 153,Artist 13,Pop,1.0
db71e7dd-e3ca-4544-a101-fc953fd12de4,user_73,user_73@example.com,a27910be-178b-4112-a51a-aaa4fe103710,426.66,1b07c1f2-4983-4f91-b122-0a176a8d7e65,Song 191,Artist 11,Jazz,12.25
a722aafe-8a59-416e-984f-aa2a773ba32d,user_38,user_38@example.com,3d5929b9-230d-498c-a1aa-f22860bfc542,298.62,79f01903-125e-4890-bd2e-149c45de7ceb,Song 71,Artist 11,Electronic,15.31
5bab74e5-0d38-425a-82d6-bfdbf2b83e44,user_55,user_55@example.com,82db2c34-7fbe-4f2a-9892-40fc8b9ace6a,460.23,dfcc1d2b-0961-4c86-8865-08756fee617a,Song 0,Artist 0,Pop,1.64
1d4652d7-56bc-4e1e-9f7c-05cae40036c7,user_17,user_17@example.com,43e7dcdf-014e-4fa4-abda-1c08278244be,118.19,234933bd-b27b-49cd-b2c9-7bcf9f1512a5,Song 5,Artist 5,Rock,10.04
bcb76878-86df-4b81-a1b5-97c67458073c,user_25,user_25@example.com,24866ecb-e0df-40a5-be3a-32bf0a69b41c,180.98,9f3a862e-e2e5-4324-a6fe-b7aa5a76e4da,Song 50,Artist 10,Pop,7.44
0c90a684-2529-4681-b188-d200225d69a1,user_13,user_13@example.com,4d42b0dd-fb63-48a5-b0a0-0064dd6a57b8,291.09,25b906b7-0557-4609-824c-c200d8309f53,Song 12,Artist 12,Pop,4.72
4c462a9c-81f2-48d5-9ca5-2db98c8c9355,user_6,user_6@example.com,157a5e1f-31e3-4264-92fb-e38cc91123b4,126.61,61223d09-0270-4ce8-abc4-72b001ec9201,Song 63,Artist 3,Electronic,14.14
fe65e5ff-2e1d-4eac-9626-0dc68a7ad3e5,user_62,user_62@example.com,d44d3d99-b725-4b52-8c04-89159c40000c,118.14,e3a23c4c-7fac-4175-bda6-b2cc6acdd5f7,Song 110,Artist 10,Electronic,11.08
56f3d9d4-507c-41b8-8501-ce99bef2b23d,user_57,user_57@example.com,ebbf8bf1-d07f-4d79-8228-77062cc3cbf9,372.27,eb6ced43-5118-4a97-9b57-8c860999e09f,Song 33,Artist 13,Electronic,14.09
bdd9bd5d-5ac5-4465-a49c-acd8281c0407,user_59,user_59@example.com,99849c90-5f2a-42fc-b268-128e3c17bc66,30.39,ab9f9eec-9cb6-4ab3-a5ad-bb74a7ef1bfc,Song 112,Artist 12,Jazz,14.57
afa2fa55-4a1f-4d1e-a549-133cb0aa1341,user_75,user_75@example.com,bf53c31e-1242-43f5-9b13-87beb65abf92,364.56,eb6ced43-5118-4a97-9b57-8c860999e09f,Song 33,Artist 13,Electronic,14.09
fe65e5ff-2e1d-4eac-9626-0dc68a7ad3e5,user_62,user_62@example.com,d44d3d99-b725-4b52-8c04-89159c40000c,118.14,2713e750-0b98-46f1-8a74-4779defed9f0,Song 141,Artist 1,Pop,2.3
56f3d9d4-507c-41b8-8501-ce99bef2b23d,user_57,user_57@example.com,ebbf8bf1-d07f-4d79-8228-77062cc3cbf9,372.27,d44b98db-896d-4b93-ba6f-b10a71740aa2,Song 81,Artist 1,Jazz,2.11
9a9c256e-763a-4857-8e59-b7b873ee0c31,user_32,user_32@example.com,cc8f1503-a607-4593-9978-c135fd5a97b3,256.94,021195d0-8f33-4111-8bef-600df3ee5ce4,Song 160,Artist 0,Electronic,12.67
11c72a41-c80f-4524-860b-e685bd3b0424,user_86,user_86@example.com,c0ff6127-edad-47d9-8b4d-9d1c2c7aa96c,30.47,20654964-532d-4195-8c69-2ed12311f99f,Song 158,Artist 18,Rock,3.42
f94b651f-224a-460d-937c-1cc4a4932a49,user_27,user_27@example.com,532f49fb-b369-4208-b8ec-15602ca0857a,233.26,c16a6e86-261f-47b5-8672-537831bc12de,Song 133,Artist 13,Pop,14.48
14dbf60c-dd8f-4520-aa50-a9e0459034de,user_97,user_97@example.com,c1c89f2b-dd63-4194-a0d7-8bd8052c0ae2,126.45,d008a4d4-9517-4e47-9ef9-e698b4820bea,Song 183,Artist 3,Rock,12.49
e69559ef-f69e-4359-aa06-9912421e0367,user_37,user_37@example.com,7a1ae2d5-f921-4a66-ad0d-5f5577c6c6a8,154.47,b78fb09b-2a3c-465f-8998-dea97e9f926e,Song 182,Artist 2,Electronic,14.4
1d4652d7-56bc-4e1e-9f7c-05cae40036c7,user_17,user_17@example.com,43e7dcdf-014e-4fa4-abda-1c08278244be,118.19,75cabf06-31a9-4341-9a12-cddb1c8e3a93,Song 121,Artist 1,Electronic,7.28
2e94fc08-1c17-426c-9d8f-26ac3bf92686,user_5,user_5@example.com,8dbe1a1a-f62a-4f84-815a-b888cdfefd03,106.13,1bb6f453-6cdc-47f3-8255-68cc5ebd1d57,Song 157,Artist 17,Jazz,7.93
61efbd43-89e0-4307-9ee3-4ccae1d53855,user_39,user_39@example.com,a1600e8b-be01-4ec8-900e-fed87666aa55,233.94,f9f1bcea-b86a-48b2-a2dc-1caab7e9c9ff,Song 124,Artist 4,Jazz,7.76
1d4652d7-56bc-4e1e-9f7c-05cae40036c7,user_17,user_17@example.com,43e7dcdf-014e-4fa4-abda-1c08278244be,118.19,d44b98db-896d-4b93-ba6f-b10a71740aa2,Song 81,Artist 1,Jazz,2.11
c6c4c519-1969-4236-bc9e-475077da8efa,user_71,user_71@example.com,49711198-6cb0-430e-84fc-28c60283f1d0,273.47,9b1f4c7e-40dc-41ca-899c-5775be4112fd,Song 78,Artist 18,Rock,6.3
61efbd43-89e0-4307-9ee3-4ccae1d53855,user_39,user_39@example.com,a1600e8b-be01-4ec8-900e-fed87666aa55,233.94,ff96dd10-7732-4091-b3f8-288a42e68dc8,Song 15,Artist 15,Pop,9.47
3aa10b67-47d5-4a69-9bac-ccdfb26754b0,user_3,user_3@example.com,76e630c4-eef6-4400-b274-e2484bf39b37,423.71,157155f4-292a-4324-a988-35b8550ec033,Song 128,Artist 8,Electronic,14.7
ec461be4-4daf-423f-80d6-fd0ba235f9c7,user_48,user_48@example.com,255feff2-5b74-435e-a36b-f5fd24efc4e7,424.92,a0203e1f-951a-4377-abe9-02fbffb870f5,Song 129,Artist 9,Jazz,4.47
9c9b32e3-796e-4c07-a1f8-eb82d772a9bb,user_93,user_93@example.com,91f43786-67c2-4229-af8d-877849178f80,399.65,3719cdfb-7b02-4c7c-91c8-6bdc13b05bc2,Song 90,Artist 10,Rock,4.36
e2585ad7-6031-4944-a120-6a3e8f1b469d,user_51,user_51@example.com,266722c6-1a3e-4589-8f57-dc4bc52b61b7,201.22,faaa1927-09aa-4be4-9f16-2ca20a08c32f,Song 170,Artist 10,Jazz,13.81
1d080570-497d-477c-a56f-9d9c89cf9898,user_50,user_50@example.com,76cca7a9-47db-4079-ad22-6a077ed605e6,262.65,40a1736f-db25-424a-a6e5-6bfb27c4e8d9,Song 189,Artist 9,Electronic,2.87
95f916ee-dc1b-4a47-bef6-4ec87b98142f,user_19,user_19@example.com,bc55c0b2-849b-4482-8863-c46a733b1030,26.52,7b7a5606-10a0-4833-9e4e-9ad6bc004879,Song 9,Artist 9,Jazz,10.85
7f784d0e-64d7-493f-84a5-67324f644198,user_79,user_79@example.com,4c56935a-b7ed-4fb6-b7ac-5c8622bd8424,307.33,951850d5-7810-468c-827e-71000ea70d78,Song 163,Artist 3,Rock,8.64
bd9cb0a6-2dbe-48fd-99e5-36c168b28898,user_56,user_56@example.com,33a8361f-3c4c-4ab9-9a52-de5d7567fb4c,496.35,c16a6e86-261f-47b5-8672-537831bc12de,Song 133,Artist 13,Pop,14.48
9c9b32e3-796e-4c07-a1f8-eb82d772a9bb,user_93,user_93@example.com,91f43786-67c2-4229-af8d-877849178f80,399.65,f9859796-6a11-4c17-9586-a9218036194a,Song 99,Artist 19,Pop,14.75
42f5859f-840a-4ef6-bffa-8c709c574e02,user_84,user_84@example.com,54ea74b3-b46d-43a6-afc5-1e6c3781a5d1,126.32,e4623012-f31d-42fb-8922-a4010439323a,Song 180,Artist 0,Pop,1.54
5eeb8472-8c23-4bac-863e-b8b14848aef8,user_91,user_91@example.com,c0e6f628-157d-4762-acf5-1edad6c5d6b9,328.05,0957bb38-3e82-45dc-a1b7-2966baa5fd87,Song 88,Artist 8,Jazz,11.28
80f63cb3-118f-4132-bedf-c297efb250fe,user_42,user_42@example.com,dac6f077-eced-4b8c-9e33-10263030cff8,464.94,3a330ae4-bf07-4437-ac9b-ee9d75c4b6a9,Song 58,Artist 18,Pop,10.05
bcb76878-86df-4b81-a1b5-97c67458073c,user_25,user_25@example.com,24866ecb-e0df-40a5-be3a-32bf0a69b41c,180.98,355ff1da-1c6d-4d48-81bf-5dbf59d1ca16,Song 24,Artist 4,Electronic,15.2
f586cf8d-6307-4d83-9425-51d55a0b8e81,user_30,user_30@example.com,a002a909-6aa7-47e4-a9f0-f01d74a13df7,242.5,40a1736f-db25-424a-a6e5-6bfb27c4e8d9,Song 189,Artist 9,Electronic,2.87
5d57ba56-8ad1-4748-ad7a-13d3572366ad,user_66,user_66@example.com,bb1197a8-37af-4217-91c2-b0e507303cae,226.56,c16a6e86-261f-47b5-8672-537831bc12de,Song 133,Artist 13,Pop,14.48
b43275b3-ea7a-4c0f-a925-f7d65ef34fd1,user_40,user_40@example.com,fe2344e4-0b31-4ac9-a975-fb9c7d9a749c,223.88,3aad537b-2156-4416-98f2-b9ee35c21da5,Song 29,Artist 9,Electronic,6.14
ca5243b8-af39-4240-9329-641467eaaa32,user_63,user_63@example.com,82542883-7ebd-45cd-aac5-99a7b1ad4a1c,426.41,1b07c1f2-4983-4f91-b122-0a176a8d7e65,Song 191,Artist 11,Jazz,12.25
2e3e5798-4a9f-4268-a80d-3551a9e1843b,user_23,user_23@example.com,f03c5971-a27a-444b-bbed-1267ded77074,277.02,aba28d96-dd74-48d4-a33e-9c9cc12b9617,Song 164,Artist 4,Rock,9.29
95f916ee-dc1b-4a47-bef6-4ec87b98142f,user_19,user_19@example.com,bc55c0b2-849b-4482-8863-c46a733b1030,26.52,0c10e2de-2879-4cb0-b10c-8be77723e879,Song 100,Artist 0,Pop,10.93
bd9cb0a6-2dbe-48fd-99e5-36c168b28898,user_56,user_56@example.com,33a8361f-3c4c-4ab9-9a52-de5d7567fb4c,496.35,f9859796-6a11-4c17-9586-a9218036194a,Song 99,Artist 19,Pop,14.75
c6c4c519-1969-4236-bc9e-475077da8efa,user_71,user_71@example.com,49711198-6cb0-430e-84fc-28c60283f1d0,273.47,21defdcd-0600-4c2f-8819-757d71787d20,Song 114,Artist 14,Rock,13.57
0eb91322-2422-43f5-8578-efd06c74d26d,user_61,user_61@example.com,3f86983d-8a8f-45a5-b5f8-ba715968dca3,233.6,826cfc93-bcd5-404a-91fe-bdb7891c400a,Song 115,Artist 15,Jazz,15.58
01a8ad0c-6d5d-4054-8cca-7f66b82e15db,user_11,user_11@example.com,a1a967ae-174f-49bb-b751-4a70b77fb816,43.12,658f0a0c-c2d3-4c4a-bfe4-d194ac454474,Song 69,Artist 9,Electronic,10.77
a5e4b011-d948-490b-9e66-d8b7c5c0814f,user_16,user_16@example.com,36709bba-58d5-45eb-8e26-ba1ca03e9b18,325.64,9798c44e-c826-4588-a838-c5a350ccfe8c,Song 67,Artist 7,Pop,8.79
11c72a41-c80f-4524-860b-e685bd3b0424,user_86,user_86@example.com,c0ff6127-edad-47d9-8b4d-9d1c2c7aa96c,30.47,56c8bbdf-1c8e-49cf-b3e8-addc52a65cb1,Song 72,Artist 12,Electronic,1.15
ec461be4-4daf-423f-80d6-fd0ba235f9c7,user_48,user_48@example.com,255feff2-5b74-435e-a36b-f5fd24efc4e7,424.92,355ff1da-1c6d-4d48-81bf-5dbf59d1ca16,Song 24,Artist 4,Electronic,15.2
92ecce5a-294e-4658-941a-5f2d66661c50,user_77,user_77@example.com,05ac083a-a96b-4907-93fb-bd3f56eb2883,325.12,e6c8870e-ddd7-4a2e-b5a1-cbb094cfc508,Song 39,Artist 19,Pop,1.63
14dbf60c-dd8f-4520-aa50-a9e0459034de,user_97,user_97@example.com,c1c89f2b-dd63-4194-a0d7-8bd8052c0ae2,126.45,80bb3212-41f7-40b9-aa97-7986f3689350,Song 17,Artist 17,Jazz,3.25
ca5243b8-af39-4240-9329-641467eaaa32,user_63,user_63@example.com,82542883-7ebd-45cd-aac5-99a7b1ad4a1c,426.41,eb6ced43-5118-4a97-9b57-8c860999e09f,Song 33,Artist 13,Electronic,14.09
b0790ad0-1c94-4110-a7b4-60454fac2c80,user_28,user_28@example.com,3a6fec52-c353-42b6-bf38-b99c0b80b151,496.18,9798c44e-c826-4588-a838-c5a350ccfe8c,Song 67,Artist 7,Pop,8.79
0c90a684-2529-4681-b188-d200225d69a1,user_13,user_13@example.com,4d42b0dd-fb63-48a5-b0a0-0064dd6a57b8,291.09,fff91d55-5df1-4f24-806f-4c44eadcd96f,Song 55,Artist 15,Pop,3.57
71a9498f-f7f3-4d87-9a10-5e1836e3cd76,user_33,user_33@example.com,9453a219-e89f-4691-927e-9f9ec66bc6e4,402.46,93d5f0cb-b16b-4bab-9fa4-9e0652b13cb2,Song 108,Artist 8,Jazz,9.32
f276973f-fc54-4183-8842-dfaf0f3e204d,user_80,user_80@example.com,f43558a0-caca-4033-85c1-659a7982846c,66.53,390d2dd7-5617-40b2-a9ee-7609aced87d6,Song 173,Artist 13,Rock,11.17
6cc2b853-4faf-4b65-ab01-fe9fdef8221b,user_22,user_22@example.com,0f67f8aa-cd6d-4ede-8c1d-3aed01c3876f,354.35,ca7494c0-994c-44f4-9e13-1b1e87b284cc,Song 20,Artist 0,Pop,8.92
794e4561-728c-4b88-b620-3bc7c25b8825,user_44,user_44@example.com,a960f908-664c-4a7b-a6da-338aca386569,407.69,ca7494c0-994c-44f4-9e13-1b1e87b284cc,Song 20,Artist 0,Pop,8.92
6cc2b853-4faf-4b65-ab01-fe9fdef8221b,user_22,user_22@example.com,0f67f8aa-cd6d-4ede-8c1d-3aed01c3876f,354.35,eb6779d8-520c-4f7f-8021-192e2031d275,Song 143,Artist 3,Pop,6.23
9c9b32e3-796e-4c07-a1f8-eb82d772a9bb,user_93,user_93@example.com,91f43786-67c2-4229-af8d-877849178f80,399.65,ff96dd10-7732-4091-b3f8-288a42e68dc8,Song 15,Artist 15,Pop,9.47
3a1e163a-3555-4eda-800d-76157d3a9bef,user_9,user_9@example.com,462595d4-7790-4972-b6fd-ac5c33b10173,39.89,3a003d95-40f2-4196-b4fe-233efe5d3d21,Song 92,Artist 12,Jazz,7.28
119c0181-dfc4-46f5-8de2-7b1d6084c889,user_47,user_47@example.com,ab8a39b6-0bf1-428b-befd-f4b4dcc1e059,152.44,658f0a0c-c2d3-4c4a-bfe4-d194ac454474,Song 69,Artist 9,Electronic,10.77
80f63cb3-118f-4132-bedf-c297efb250fe,user_42,user_42@example.com,dac6f077-eced-4b8c-9e33-10263030cff8,464.94,f8e82a40-4835-4896-af7a-d5aa3930e436,Song 145,Artist 5,Electronic,1.48
01a8ad0c-6d5d-4054-8cca-7f66b82e15db,user_11,user_11@example.com,a1a967ae-174f-49bb-b751-4a70b77fb816,43.12,f5f5a4f5-b8fd-4382-9913-caa7f5b93b96,Song 179,Artist 19,Pop,14.61
1b6a1211-7f26-43bf-b974-5e882d677bc2,user_14,user_14@example.com,87a3a573-aa19-449e-9caa-0e2868423b92,23.32,35cf17d6-0a0d-46ed-b15b-1004d9dca24a,Song 152,Artist 12,Rock,5.5
14dbf60c-dd8f-4520-aa50-a9e0459034de,user_97,user_97@example.com,c1c89f2b-dd63-4194-a0d7-8bd8052c0ae2,126.45,826cfc93-bcd5-404a-91fe-bdb7891c400a,Song 115,Artist 15,Jazz,15.58
e2585ad7-6031-4944-a120-6a3e8f1b469d,user_51,user_51@example.com,266722c6-1a3e-4589-8f57-dc4bc52b61b7,201.22,f617a1f0-61d7-484e-83ba-02198c8683e4,Song 169,Artist 9,Jazz,9.37
f006deb0-668d-4b52-8e84-2004a133a168,user_99,user_99@example.com,33146dca-d6d0-4aa9-9846-91f2735b6d7b,178.64,59d38e43-5586-4cbf-9c22-1bd04dc7e13e,Song 104,Artist 4,Pop,9.1
14dbf60c-dd8f-4520-aa50-a9e0459034de,user_97,user_97@example.com,c1c89f2b-dd63-4194-a0d7-8bd8052c0ae2,126.45,f617a1f0-61d7-484e-83ba-02198c8683e4,Song 169,Artist 9,Jazz,9.37
c8a15071-e9c7-4c5e-b0b8-4feefa2b3de0,user_95,user_95@example.com,93337843-0af6-4511-903d-2b4edfb98c7c,497.18,0957bb38-3e82-45dc-a1b7-2966baa5fd87,Song 88,Artist 8,Jazz,11.28
d81f8e26-c977-42d8-a983-7dca07cf6568,user_24,user_24@example.com,02f32efc-6647-4b49-9e5a-a92feb583644,422.08,355ff1da-1c6d-4d48-81bf-5dbf59d1ca16,Song 24,Artist 4,Electronic,15.2
32643c85-8ee5-4e1c-99b7-d235a20b1e9d,user_87,user_87@example.com,d9398a18-3aa5-4ccb-9a23-0e87e993b94c,195.14,e43be2f0-7105-40dc-b9db-2b803c12036b,Song 65,Artist 5,Rock,12.31
7f784d0e-64d7-493f-84a5-67324f644198,user_79,user_79@example.com,4c56935a-b7ed-4fb6-b7ac-5c8622bd8424,307.33,ed3e6881-099c-4155-9941-05aef534516d,Song 149,Artist 9,Electronic,15.87
5eeb8472-8c23-4bac-863e-b8b14848aef8,user_91,user_91@example.com,c0e6f628-157d-4762-acf5-1edad6c5d6b9,328.05,bb6a3fed-01b7-488b-b4d6-b7712c698902,Song 59,Artist 19,Jazz,9.18
b67da619-e4bc-42cd-8bf4-d9ded6729158,user_81,user_81@example.com,275c0c72-aefb-416c-b197-df3421eb2d7d,436.49,a8021cf8-1b9c-4fd8-8e3d-937b72566d53,Song 123,Artist 3,Electronic,15.98
fe65e5ff-2e1d-4eac-9626-0dc68a7ad3e5,user_62,user_62@example.com,d44d3d99-b725-4b52-8c04-89159c40000c,118.14,56c8bbdf-1c8e-49cf-b3e8-addc52a65cb1,Song 72,Artist 12,Electronic,1.15
350713c6-992d-4242-8ff0-e8cd233eb45c,user_89,user_89@example.com,299df01a-9cf5-4465-a3d9-bb10fd6aa836,14.65,d8593cb7-91d4-4d1c-a022-26c7b8eb1ada,Song 52,Artist 12,Electronic,4.46
1d4652d7-56bc-4e1e-9f7c-05cae40036c7,user_17,user_17@example.com,43e7dcdf-014e-4fa4-abda-1c08278244be,118.19,1476b421-a4f3-4d55-a440-fd91337c339e,Song 109,Artist 9,Rock,10.97
565e7418-ae61-4166-bd7d-563090559a76,user_49,user_49@example.com,d06480e8-7f5f-4078-b5f4-783ccd99ba5b,268.63,b8be319f-5aa1-4501-8557-f75f8e89e3a7,Song 103,Artist 3,Pop,4.07
6cc2b853-4faf-4b65-ab01-fe9fdef8221b,user_22,user_22@example.com,0f67f8aa-cd6d-4ede-8c1d-3aed01c3876f,354.35,40a1736f-db25-424a-a6e5-6bfb27c4e8d9,Song 189,Artist 9,Electronic,2.87
fb1cc971-3210-4dda-914b-b4f1498b088b,user_83,user_83@example.com,b71bad17-6103-48ab-9a5b-d76f8a69e43b,490.25,a8021cf8-1b9c-4fd8-8e3d-937b72566d53,Song 123,Artist 3,Electronic,15.98
e01f6194-2d7a-4959-9f0e-d4899c210b5c,user_60,user_60@example.com,51f4db68-97d0-4288-a53d-75816623830b,323.28,21defdcd-0600-4c2f-8819-757d71787d20,Song 114,Artist 14,Rock,13.57
42f5859f-840a-4ef6-bffa-8c709c574e02,user_84,user_84@example.com,54ea74b3-b46d-43a6-afc5-1e6c3781a5d1,126.32,390d2dd7-5617-40b2-a9ee-7609aced87d6,Song 173,Artist 13,Rock,11.17
e1a8c706-a088-4144-9c12-4151d9c0ae03,user_70,user_70@example.com,2c0ac1af-e8f3-44ee-ad71-4ca508b469fc,332.05,4d42cf45-a297-4bc0-b8f1-fa3f6a0652c5,Song 117,Artist 17,Jazz,14.89
a722aafe-8a59-416e-984f-aa2a773ba32d,user_38,user_38@example.com,3d5929b9-230d-498c-a1aa-f22860bfc542,298.62,4c711ba9-bf5b-4eb6-81f0-596e74ac563f,Song 116,Artist 16,Pop,8.73
71a9498f-f7f3-4d87-9a10-5e1836e3cd76,user_33,user_33@example.com,9453a219-e89f-4691-927e-9f9ec66bc6e4,402.46,1561ce45-08c1-4044-a25f-e5104c3cd06a,Song 31,Artist 11,Rock,1.86
afa2fa55-4a1f-4d1e-a549-133cb0aa1341,user_75,user_75@example.com,bf53c31e-1242-43f5-9b13-87beb65abf92,364.56,ca7494c0-994c-44f4-9e13-1b1e87b284cc,Song 20,Artist 0,Pop,8.92
a5e4b011-d948-490b-9e66-d8b7c5c0814f,user_16,user_16@example.com,36709bba-58d5-45eb-8e26-ba1ca03e9b18,325.64,826cfc93-bcd5-404a-91fe-bdb7891c400a,Song 115,Artist 15,Jazz,15.58
5bab74e5-0d38-425a-82d6-bfdbf2b83e44,user_55,user_55@example.com,82db2c34-7fbe-4f2a-9892-40fc8b9ace6a,460.23,fbba427c-2986-409d-8251-c0d9b2d36880,Song 3,Artist 3,Rock,7.63
38e8ce19-a27f-420f-9ea1-f785beead92d,user_58,user_58@example.com,be9c70c0-37af-4e55-8b7f-8f1895c2cef4,413.37,826cfc93-bcd5-404a-91fe-bdb7891c400a,Song 115,Artist 15,Jazz,15.58
5bab74e5-0d38-425a-82d6-bfdbf2b83e44,user_55,user_55@example.com,82db2c34-7fbe-4f2a-9892-40fc8b9ace6a,460.23,0d591a26-7a84-40e2-ac09-bdc0524edd6f,Song 23,Artist 3,Rock,14.65
1d4652d7-56bc-4e1e-9f7c-05cae40036c7,user_17,user_17@example.com,43e7dcdf-014e-4fa4-abda-1c08278244be,118.19,ff8f8129-4ba1-4edc-9f40-1bb969a35b31,Song 159,Artist 19,Jazz,12.42
f276973f-fc54-4183-8842-dfaf0f3e204d,user_80,user_80@example.com,f43558a0-caca-4033-85c1-659a7982846c,66.53,f8e82a40-4835-4896-af7a-d5aa3930e436,Song 145,Artist 5,Electronic,1.48
56f3d9d4-507c-41b8-8501-ce99bef2b23d,user_57,user_57@example.com,ebbf8bf1-d07f-4d79-8228-77062cc3cbf9,372.27,cd5d993a-0fe5-46a4-9c06-32cf38ed32c3,Song 192,Artist 12,Electronic,2.28
fb1cc971-3210-4dda-914b-b4f1498b088b,user_83,user_83@example.com,b71bad17-6103-48ab-9a5b-d76f8a69e43b,490.25,a3a1b31c-048b-4678-8ede-009eb4a43221,Song 162,Artist 2,Pop,12.39
27dd5e02-85b9-4b44-8470-c68bdf69caf7,user_52,user_52@example.com,0912f14a-1a80-4389-95a4-d11d7dafb5bc,451.98,1476b421-a4f3-4d55-a440-fd91337c339e,Song 109,Artist 9,Rock,10.97
fb1cc971-3210-4dda-914b-b4f1498b088b,user_83,user_83@example.com,b71bad17-6103-48ab-9a5b-d76f8a69e43b,490.25,e6c8870e-ddd7-4a2e-b5a1-cbb094cfc508,Song 39,Artist 19,Pop,1.63
afa2fa55-4a1f-4d1e-a549-133cb0aa1341,user_75,user_75@example.com,bf53c31e-1242-43f5-9b13-87beb65abf92,364.56,1476b421-a4f3-4d55-a440-fd91337c339e,Song 109,Artist 9,Rock,10.97
1420279d-39e6-45d8-9055-abbff3d67f64,user_45,user_45@example.com,dd486e82-75ac-4279-9c57-8147b0d9779a,114.04,f1342b17-ccac-4b83-bfa1-53af78a6686a,Song 86,Artist 6,Electronic,4.22
5d57ba56-8ad1-4748-ad7a-13d3572366ad,user_66,user_66@example.com,bb1197a8-37af-4217-91c2-b0e507303cae,226.56,355ff1da-1c6d-4d48-81bf-5dbf59d1ca16,Song 24,Artist 4,Electronic,15.2
56f3d9d4-507c-41b8-8501-ce99bef2b23d,user_57,user_57@example.com,ebbf8bf1-d07f-4d79-8228-77062cc3cbf9,372.27,94a442b9-741d-4a2f-8576-5922fcbbddb7,Song 85,Artist 5,Rock,14.85
350713c6-992d-4242-8ff0-e8cd233eb45c,user_89,user_89@example.com,299df01a-9cf5-4465-a3d9-bb10fd6aa836,14.65,2713e750-0b98-46f1-8a74-4779defed9f0,Song 141,Artist 1,Pop,2.3
b67da619-e4bc-42cd-8bf4-d9ded6729158,user_81,user_81@example.com,275c0c72-aefb-416c-b197-df3421eb2d7d,436.49,93d5f0cb-b16b-4bab-9fa4-9e0652b13cb2,Song 108,Artist 8,Jazz,9.32
f94b651f-224a-460d-937c-1cc4a4932a49,user_27,user_27@example.com,532f49fb-b369-4208-b8ec-15602ca0857a,233.26,38776bf2-222c-4dd4-8d44-20456918bfeb,Song 120,Artist 0,Rock,14.6
b67da619-e4bc-42cd-8bf4-d9ded6729158,user_81,user_81@example.com,275c0c72-aefb-416c-b197-df3421eb2d7d,436.49,f1342b17-ccac-4b83-bfa1-53af78a6686a,Song 86,Artist 6,Electronic,4.22
f4500229-0662-4256-94ed-d1216b58fd5d,user_90,user_90@example.com,ff941cd0-9652-462f-a7db-2e8703632635,93.16,27c4b887-5e81-4df4-9e1d-0ae3853ed731,Song 60,Artist 0,Rock,2.21
7f784d0e-64d7-493f-84a5-67324f644198,user_79,user_79@example.com,4c56935a-b7ed-4fb6-b7ac-5c8622bd8424,307.33,bd931287-5080-4a05-aa47-d22563e593f6,Song 130,Artist 10,Pop,15.86
4f428b57-c938-4983-8574-12b25e4ce0ee,user_2,user_2@example.com,dc3bb6cd-2c8d-4029-b977-f4fea4e1cda1,178.58,d8593cb7-91d4-4d1c-a022-26c7b8eb1ada,Song 52,Artist 12,Electronic,4.46
ca5243b8-af39-4240-9329-641467eaaa32,user_63,user_63@example.com,82542883-7ebd-45cd-aac5-99a7b1ad4a1c,426.41,43a59960-9c11-4a6f-9323-114e7273842e,Song 2,Artist 2,Electronic,10.73
32643c85-8ee5-4e1c-99b7-d235a20b1e9d,user_87,user_87@example.com,d9398a18-3aa5-4ccb-9a23-0e87e993b94c,195.14,05c9f7b4-f5dc-4acf-9ca9-bdef0e4ca10b,Song 185,Artist 5,Jazz,7.21
680305e9-e6cc-4a1b-acc7-dfc2263e95a1,user_94,user_94@example.com,4c9094b1-4038-4d69-beb2-ea23409434de,291.36,b8be319f-5aa1-4501-8557-f75f8e89e3a7,Song 103,Artist 3,Pop,4.07
b43275b3-ea7a-4c0f-a925-f7d65ef34fd1,user_40,user_40@example.com,fe2344e4-0b31-4ac9-a975-fb9c7d9a749c,223.88,1b07c1f2-4983-4f91-b122-0a176a8d7e65,Song 191,Artist 11,Jazz,12.25
119c0181-dfc4-46f5-8de2-7b1d6084c889,user_47,user_47@example.com,ab8a39b6-0bf1-428b-befd-f4b4dcc1e059,152.44,dfcc1d2b-0961-4c86-8865-08756fee617a,Song 0,Artist 0,Pop,1.64
72d56456-abea-4447-a7be-0af2a6fffab3,user_88,user_88@example.com,3a4129b3-31f2-4833-95ad-0d2fa6878a42,301.95,f4a2d80a-432c-45ab-8699-086cdb325ca2,Song 198,Artist 18,Jazz,5.3
27dd5e02-85b9-4b44-8470-c68bdf69caf7,user_52,user_52@example.com,0912f14a-1a80-4389-95a4-d11d7dafb5bc,451.98,70e94a20-ff21-440e-87da-2d698c9f2161,Song 13,Artist 13,Pop,9.41
b0790ad0-1c94-4110-a7b4-60454fac2c80,user_28,user_28@example.com,3a6fec52-c353-42b6-bf38-b99c0b80b151,496.18,626d9c7e-0f78-436e-9333-7d28f4b523dc,Song 68,Artist 8,Pop,6.14
38e8ce19-a27f-420f-9ea1-f785beead92d,user_58,user_58@example.com,be9c70c0-37af-4e55-8b7f-8f1895c2cef4,413.37,157155f4-292a-4324-a988-35b8550ec033,Song 128,Artist 8,Electronic,14.7
119c0181-dfc4-46f5-8de2-7b1d6084c889,user_47,user_47@example.com,ab8a39b6-0bf1-428b-befd-f4b4dcc1e059,152.44,2713e750-0b98-46f1-8a74-4779defed9f0,Song 141,Artist 1,Pop,2.3
163d3f2a-928c-4827-a9d1-0d55cf2ba733,user_31,user_31@example.com,9abfd5d5-e676-43a0-ad46-8b1d283d9be4,482.06,d2c24ece-d12b-49c9-a97d-e5a0b08f9bf7,Song 153,Artist 13,Pop,1.0
f006deb0-668d-4b52-8e84-2004a133a168,user_99,user_99@example.com,33146dca-d6d0-4aa9-9846-91f2735b6d7b,178.64,bd1494a7-6adc-4372-9d65-df8465637d05,Song 36,Artist 16,Rock,2.07
680305e9-e6cc-4a1b-acc7-dfc2263e95a1,user_94,user_94@example.com,4c9094b1-4038-4d69-beb2-ea23409434de,291.36,7b7a5606-10a0-4833-9e4e-9ad6bc004879,Song 9,Artist 9,Jazz,10.85
71a9498f-f7f3-4d87-9a10-5e1836e3cd76,user_33,user_33@example.com,9453a219-e89f-4691-927e-9f9ec66bc6e4,402.46,483db1a8-e96c-49c3-8a84-ef8e1e0a1ebd,Song 48,Artist 8,Pop,5.47
b2caa2a3-2738-4bd3-ad7a-d3f4c43083e9,user_82,user_82@example.com,0bf94a8c-e681-4b4b-93d4-9034371b59b8,136.15,3e8e48b4-55f1-411a-8baa-f4da046cc73a,Song 28,Artist 8,Jazz,8.45
db71e7dd-e3ca-4544-a101-fc953fd12de4,user_73,user_73@example.com,a27910be-178b-4112-a51a-aaa4fe103710,426.66,e4623012-f31d-42fb-8922-a4010439323a,Song 180,Artist 0,Pop,1.54
119c0181-dfc4-46f5-8de2-7b1d6084c889,user_47,user_47@example.com,ab8a39b6-0bf1-428b-befd-f4b4dcc1e059,152.44,824d26f0-9e62-4b2c-af44-bdc2579a98d0,Song 51,Artist 11,Electronic,6.07
681890ac-7cc9-48e6-a38b-25c3486c6f19,user_54,user_54@example.com,0a4120b3-16cf-418a-ac22-ee20200d59f0,375.33,0957bb38-3e82-45dc-a1b7-2966baa5fd87,Song 88,Artist 8,Jazz,11.28
0c90a684-2529-4681-b188-d200225d69a1,user_13,user_13@example.com,4d42b0dd-fb63-48a5-b0a0-0064dd6a57b8,291.09,526e9896-bf4f-401a-ad38-74e076b423ef,Song 30,Artist 10,Pop,5.37
bd9cb0a6-2dbe-48fd-99e5-36c168b28898,user_56,user_56@example.com,33a8361f-3c4c-4ab9-9a52-de5d7567fb4c,496.35,824d26f0-9e62-4b2c-af44-bdc2579a98d0,Song 51,Artist 11,Electronic,6.07
d2f795cd-fbf3-4d67-a77a-a6c35819bed5,user_76,user_76@example.com,a20f1e78-9427-471e-a04e-2214a8b6e617,24.17,f9859796-6a11-4c17-9586-a9218036194a,Song 99,Artist 19,Pop,14.75
681890ac-7cc9-48e6-a38b-25c3486c6f19,user_54,user_54@example.com,0a4120b3-16cf-418a-ac22-ee20200d59f0,375.33,d2df3f3f-0630-4197-aaa5-dc1b3159131a,Song 174,Artist 14,Pop,5.49
80f63cb3-118f-4132-bedf-c297efb250fe,user_42,user_42@example.com,dac6f077-eced-4b8c-9e33-10263030cff8,464.94,84d97b51-38bf-4e5f-8910-a88b7019151e,Song 7,Artist 7,Electronic,2.62
f586cf8d-6307-4d83-9425-51d55a0b8e81,user_30,user_30@example.com,a002a909-6aa7-47e4-a9f0-f01d74a13df7,242.5,fbba427c-2986-409d-8251-c0d9b2d36880,Song 3,Artist 3,Rock,7.63
350713c6-992d-4242-8ff0-e8cd233eb45c,user_89,user_89@example.com,299df01a-9cf5-4465-a3d9-bb10fd6aa836,14.65,0d0486c4-2b69-459f-b46b-d8af2f2b6b68,Song 87,Artist 7,Pop,2.06
1b6a1211-7f26-43bf-b974-5e882d677bc2,user_14,user_14@example.com,87a3a573-aa19-449e-9caa-0e2868423b92,23.32,fb1ffb0a-56e8-4f0e-a10a-6682bf51efe8,Song 73,Artist 13,Jazz,12.41
5d57ba56-8ad1-4748-ad7a-13d3572366ad,user_66,user_66@example.com,bb1197a8-37af-4217-91c2-b0e507303cae,226.56,38776bf2-222c-4dd4-8d44-20456918bfeb,Song 120,Artist 0,Rock,14.6
0c90a684-2529-4681-b188-d200225d69a1,user_13,user_13@example.com,4d42b0dd-fb63-48a5-b0a0-0064dd6a57b8,291.09,390d2dd7-5617-40b2-a9ee-7609aced87d6,Song 173,Artist 13,Rock,11.17
71a9498f-f7f3-4d87-9a10-5e1836e3cd76,user_33,user_33@example.com,9453a219-e89f-4691-927e-9f9ec66bc6e4,402.46,686a1146-eda8-41db-b6e8-63538ce6a8dd,Song 190,Artist 10,Jazz,11.19
ec461be4-4daf-423f-80d6-fd0ba235f9c7,user_48,user_48@example.com,255feff2-5b74-435e-a36b-f5fd24efc4e7,424.92,d2c24ece-d12b-49c9-a97d-e5a0b08f9bf7,Song 153,Artist 13,Pop,1.0
6eeaf898-3bf6-4184-9836-88c1d3da5a1a,user_85,user_85@example.com,7d69b436-eb13-4662-b17f-c79ff8326d99,209.07,78a1c54f-620a-43cc-95eb-f2088d93ffdc,Song 66,Artist 6,Jazz,11.38
a1a35823-5afd-47c5-bc4b-d0687905aff3,user_53,user_53@example.com,cd5f1f30-db3b-443c-ac4d-5280d096adec,287.32,0ef4e954-221d-4c48-9da7-53bc241d9501,Song 1,Artist 1,Pop,10.56
b2caa2a3-2738-4bd3-ad7a-d3f4c43083e9,user_82,user_82@example.com,0bf94a8c-e681-4b4b-93d4-9034371b59b8,136.15,4af206ba-6331-4d63-93a4-70b577f62a9e,Song 134,Artist 14,Pop,14.65
bdd9bd5d-5ac5-4465-a49c-acd8281c0407,user_59,user_59@example.com,99849c90-5f2a-42fc-b268-128e3c17bc66,30.39,1f56df2f-980a-4de2-baae-543fc09f95ab,Song 14,Artist 14,Jazz,9.63
94130455-b282-4198-886c-f4b0661187a7,user_98,user_98@example.com,c0cfccce-2c7c-4e50-aaa7-3468cc9c07df,79.36,25b906b7-0557-4609-824c-c200d8309f53,Song 12,Artist 12,Pop,4.72
27dd5e02-85b9-4b44-8470-c68bdf69caf7,user_52,user_52@example.com,0912f14a-1a80-4389-95a4-d11d7dafb5bc,451.98,630dc38e-90c1-4149-8969-3433f114d9f1,Song 106,Artist 6,Jazz,2.09
8f9d061c-a48e-4f8f-9650-5413126faba8,user_96,user_96@example.com,88d40f4f-03e4-410c-a4ac-6e4e705d6314,386.76,e2bc0a33-e86d-4f27-86a9-32a7c13e9bc3,Song 138,Artist 18,Jazz,7.81
5dee0afa-0256-4d13-ad33-11232be7fe52,user_34,user_34@example.com,48feb919-0ccb-4e77-b42a-88f8f1f1c083,248.05,a0203e1f-951a-4377-abe9-02fbffb870f5,Song 129,Artist 9,Jazz,4.47
32643c85-8ee5-4e1c-99b7-d235a20b1e9d,user_87,user_87@example.com,d9398a18-3aa5-4ccb-9a23-0e87e993b94c,195.14,e43be2f0-7105-40dc-b9db-2b803c12036b,Song 65,Artist 5,Rock,12.31
ca5243b8-af39-4240-9329-641467eaaa32,user_63,user_63@example.com,82542883-7ebd-45cd-aac5-99a7b1ad4a1c,426.41,a49bd760-c70d-4dec-9d9e-34ef5345134d,Song 94,Artist 14,Pop,13.01
680305e9-e6cc-4a1b-acc7-dfc2263e95a1,user_94,user_94@example.com,4c9094b1-4038-4d69-beb2-ea23409434de,291.36,90ba64ca-50f5-4791-8aad-cfdde79d245d,Song 46,Artist 6,Rock,2.66
b43275b3-ea7a-4c0f-a925-f7d65ef34fd1,user_40,user_40@example.com,fe2344e4-0b31-4ac9-a975-fb9c7d9a749c,223.88,0957bb38-3e82-45dc-a1b7-2966baa5fd87,Song 88,Artist 8,Jazz,11.28
d81f8e26-c977-42d8-a983-7dca07cf6568,user_24,user_24@example.com,02f32efc-6647-4b49-9e5a-a92feb583644,422.08,ccce8818-402a-4b5b-9943-9a758254a2ba,Song 147,Artist 7,Pop,7.19
4b21679e-cd65-4481-97f1-37f69fb5a00f,user_46,user_46@example.com,a86459af-4ad6-4527-9028-ee25e79b0572,181.24,bb2433ad-263b-4060-839b-4f20cf6cdda1,Song 194,Artist 14,Rock,6.69
afa2fa55-4a1f-4d1e-a549-133cb0aa1341,user_75,user_75@example.com,bf53c31e-1242-43f5-9b13-87beb65abf92,364.56,0879e5a1-14a2-4a50-a7c6-fab796d48e7b,Song 154,Artist 14,Pop,15.48
5d57ba56-8ad1-4748-ad7a-13d3572366ad,user_66,user_66@example.com,bb1197a8-37af-4217-91c2-b0e507303cae,226.56,57c631f2-6b1a-4b57-8e61-690f37a0fea8,Song 126,Artist 6,Jazz,8.88
350713c6-992d-4242-8ff0-e8cd233eb45c,user_89,user_89@example.com,299df01a-9cf5-4465-a3d9-bb10fd6aa836,14.65,e4623012-f31d-42fb-8922-a4010439323a,Song 180,Artist 0,Pop,1.54
94130455-b282-4198-886c-f4b0661187a7,user_98,user_98@example.com,c0cfccce-2c7c-4e50-aaa7-3468cc9c07df,79.36,fd073678-6d4d-4f84-abd7-1e23e1c3f36a,Song 75,Artist 15,Pop,5.19
a1a35823-5afd-47c5-bc4b-d0687905aff3,user_53,user_53@example.com,cd5f1f30-db3b-443c-ac4d-5280d096adec,287.32,f71643b8-3f65-4c0b-98b6-88bbf382dca2,Song 77,Artist 17,Electronic,10.29
bd9cb0a6-2dbe-48fd-99e5-36c168b28898,user_56,user_56@example.com,33a8361f-3c4c-4ab9-9a52-de5d7567fb4c,496.35,75cabf06-31a9-4341-9a12-cddb1c8e3a93,Song 121,Artist 1,Electronic,7.28
4b21679e-cd65-4481-97f1-37f69fb5a00f,user_46,user_46@example.com,a86459af-4ad6-4527-9028-ee25e79b0572,181.24,483db1a8-e96c-49c3-8a84-ef8e1e0a1ebd,Song 48,Artist 8,Pop,5.47
b29b0acb-8009-43a2-adf1-d7f543e28524,user_41,user_41@example.com,2ac9a54c-7a3f-4970-bef6-00f7d8767aa4,118.87,849ad17e-7936-4c00-a96a-b6621f181938,Song 188,Artist 8,Electronic,13.32
00070552-838d-47f5-ad7d-d6678d769d2f,user_72,user_72@example.com,ef3eb137-c64d-4c22-906a-4ce316ad4fe6,83.24,d2df3f3f-0630-4197-aaa5-dc1b3159131a,Song 174,Artist 14,Pop,5.49
5bab74e5-0d38-425a-82d6-bfdbf2b83e44,user_55,user_55@example.com,82db2c34-7fbe-4f2a-9892-40fc8b9ace6a,460.23,43a59960-9c11-4a6f-9323-114e7273842e,Song 2,Artist 2,Electronic,10.73
f006deb0-668d-4b52-8e84-2004a133a168,user_99,user_99@example.com,33146dca-d6d0-4aa9-9846-91f2735b6d7b,178.64,bfcd5a54-0ac7-4d83-ba67-536dadd6d5a7,Song 195,Artist 15,Pop,10.31
1d4652d7-56bc-4e1e-9f7c-05cae40036c7,user_17,user_17@example.com,43e7dcdf-014e-4fa4-abda-1c08278244be,118.19,52a680c4-01ad-4c7c-9403-81363579dc0c,Song 119,Artist 19,Jazz,13.75
f276973f-fc54-4183-8842-dfaf0f3e204d,user_80,user_80@example.com,f43558a0-caca-4033-85c1-659a7982846c,66.53,824d26f0-9e62-4b2c-af44-bdc2579a98d0,Song 51,Artist 11,Electronic,6.07
163d3f2a-928c-4827-a9d1-0d55cf2ba733,user_31,user_31@example.com,9abfd5d5-e676-43a0-ad46-8b1d283d9be4,482.06,157155f4-292a-4324-a988-35b8550ec033,Song 128,Artist 8,Electronic,14.7
a5e4b011-d948-490b-9e66-d8b7c5c0814f,user_16,user_16@example.com,36709bba-58d5-45eb-8e26-ba1ca03e9b18,325.64,90c0ef12-0aa1-464c-abf6-c0b7c5fbe970,Song 49,Artist 9,Pop,12.35
3b748d0d-d688-490a-830e-91bc564720cf,user_64,user_64@example.com,ee5ac602-2cb1-44ac-88df-167fb35b680d,24.92,fd073678-6d4d-4f84-abd7-1e23e1c3f36a,Song 75,Artist 15,Pop,5.19
6cc2b853-4faf-4b65-ab01-fe9fdef8221b,user_22,user_22@example.com,0f67f8aa-cd6d-4ede-8c1d-3aed01c3876f,354.35,56c8bbdf-1c8e-49cf-b3e8-addc52a65cb1,Song 72,Artist 12,Electronic,1.15
c8a15071-e9c7-4c5e-b0b8-4feefa2b3de0,user_95,user_95@example.com,93337843-0af6-4511-903d-2b4edfb98c7c,497.18,40a1736f-db25-424a-a6e5-6bfb27c4e8d9,Song 189,Artist 9,Electronic,2.87
42f5859f-840a-4ef6-bffa-8c709c574e02,user_84,user_84@example.com,54ea74b3-b46d-43a6-afc5-1e6c3781a5d1,126.32,05c9f7b4-f5dc-4acf-9ca9-bdef0e4ca10b,Song 185,Artist 5,Jazz,7.21
1420279d-39e6-45d8-9055-abbff3d67f64,user_45,user_45@example.com,dd486e82-75ac-4279-9c57-8147b0d9779a,114.04,ff96dd10-7732-4091-b3f8-288a42e68dc8,Song 15,Artist 15,Pop,9.47
80f63cb3-118f-4132-bedf-c297efb250fe,user_42,user_42@example.com,dac6f077-eced-4b8c-9e33-10263030cff8,464.94,17f197da-6fa3-40f3-a881-1b8e43ef8556,Song 144,Artist 4,Pop,8.77
e825f796-b749-4370-992e-b95eec1f17e1,user_26,user_26@example.com,fa53f92c-0a22-4e56-ab41-e03f7b163029,150.17,4c711ba9-bf5b-4eb6-81f0-596e74ac563f,Song 116,Artist 16,Pop,8.73
a09eabfc-9d07-4966-9c8c-c85d55940402,user_78,user_78@example.com,cd147e46-196d-4e13-be9c-8bec98d8ca79,319.63,726fd9dc-e442-414b-a0ab-6db5592c6a46,Song 181,Artist 1,Jazz,4.19
fe65e5ff-2e1d-4eac-9626-0dc68a7ad3e5,user_62,user_62@example.com,d44d3d99-b725-4b52-8c04-89159c40000c,118.14,bed57808-062b-4508-b272-20f17727ded9,Song 187,Artist 7,Jazz,11.48
11c72a41-c80f-4524-860b-e685bd3b0424,user_86,user_86@example.com,c0ff6127-edad-47d9-8b4d-9d1c2c7aa96c,30.47,11a1551b-28e4-46b7-8fe7-a602db95fcff,Song 125,Artist 5,Electronic,2.36
b67da619-e4bc-42cd-8bf4-d9ded6729158,user_81,user_81@example.com,275c0c72-aefb-416c-b197-df3421eb2d7d,436.49,56c8bbdf-1c8e-49cf-b3e8-addc52a65cb1,Song 72,Artist 12,Electronic,1.15
350713c6-992d-4242-8ff0-e8cd233eb45c,user_89,user_89@example.com,299df01a-9cf5-4465-a3d9-bb10fd6aa836,14.65,a2cef430-e340-4145-83aa-ec71598bbad9,Song 151,Artist 11,Pop,12.69
db71e7dd-e3ca-4544-a101-fc953fd12de4,user_73,user_73@example.com,a27910be-178b-4112-a51a-aaa4fe103710,426.66,4d42cf45-a297-4bc0-b8f1-fa3f6a0652c5,Song 117,Artist 17,Jazz,14.89
e01f6194-2d7a-4959-9f0e-d4899c210b5c,user_60,user_60@example.com,51f4db68-97d0-4288-a53d-75816623830b,323.28,0ef4e954-221d-4c48-9da7-53bc241d9501,Song 1,Artist 1,Pop,10.56
86742079-e7db-4eb0-9d02-a66c18c448e1,user_1,user_1@example.com,2804a393-e116-46b2-a160-33013c86e89c,463.25,4c711ba9-bf5b-4eb6-81f0-596e74ac563f,Song 116,Artist 16,Pop,8.73
a09eabfc-9d07-4966-9c8c-c85d55940402,user_78,user_78@example.com,cd147e46-196d-4e13-be9c-8bec98d8ca79,319.63,c5f1f553-cdc6-46ff-a1ff-21a0fb0323a1,Song 56,Artist 16,Jazz,14.01
c6c4c519-1969-4236-bc9e-475077da8efa,user_71,user_71@example.com,49711198-6cb0-430e-84fc-28c60283f1d0,273.47,81abbe14-90ec-4ca8-9c1c-070517c7a8cd,Song 175,Artist 15,Jazz,4.39
e873700b-99ea-4952-aa01-20c5a8a19575,user_21,user_21@example.com,dd0f6eb4-e743-4c04-80ee-611c3bd3f0ee,197.37,4c711ba9-bf5b-4eb6-81f0-596e74ac563f,Song 116,Artist 16,Pop,8.73
e1a27ee5-4393-4d9d-89bb-7d242c4d0361,user_7,user_7@example.com,2b9dae43-66cb-4116-9680-a6933ecc7bff,127.39,4fd81aa5-9ba7-463a-a265-728f218eafe9,Song 193,Artist 13,Pop,5.48
e825f796-b749-4370-992e-b95eec1f17e1,user_26,user_26@example.com,fa53f92c-0a22-4e56-ab41-e03f7b163029,150.17,e6b34bdb-d5be-493f-b5b3-798e84e3b4da,Song 166,Artist 6,Pop,11.41
f276973f-fc54-4183-8842-dfaf0f3e204d,user_80,user_80@example.com,f43558a0-caca-4033-85c1-659a7982846c,66.53,75e7b0f8-217d-41d4-b277-6543e8f287a0,Song 57,Artist 17,Jazz,8.41
d2f795cd-fbf3-4d67-a77a-a6c35819bed5,user_76,user_76@example.com,a20f1e78-9427-471e-a04e-2214a8b6e617,24.17,826cfc93-bcd5-404a-91fe-bdb7891c400a,Song 115,Artist 15,Jazz,15.58
61efbd43-89e0-4307-9ee3-4ccae1d53855,user_39,user_39@example.com,a1600e8b-be01-4ec8-900e-fed87666aa55,233.94,6d9afff1-ae1a-468b-8cf5-4e631b65fee4,Song 140,Artist 0,Pop,5.2
bcb76878-86df-4b81-a1b5-97c67458073c,user_25,user_25@example.com,24866ecb-e0df-40a5-be3a-32bf0a69b41c,180.98,7453af21-187f-42db-9f58-716ed315b1d5,Song 196,Artist 16,Jazz,13.2
e2585ad7-6031-4944-a120-6a3e8f1b469d,user_51,user_51@example.com,266722c6-1a3e-4589-8f57-dc4bc52b61b7,201.22,856c9c9a-2587-48f0-a61f-30be521efff5,Song 37,Artist 17,Electronic,4.57
13cf1c04-c6e3-403d-ad1d-a8f4dbe19a55,user_18,user_18@example.com,0629c27a-9aa6-475c-bed8-9869269a663e,90.66,a49bd760-c70d-4dec-9d9e-34ef5345134d,Song 94,Artist 14,Pop,13.01
0ff248ce-d66b-49ed-ba6f-87c1511aebd0,user_43,user_43@example.com,b17e9bd3-3a5a-494d-ad9c-2977548a3673,225.3,0ef4e954-221d-4c48-9da7-53bc241d9501,Song 1,Artist 1,Pop,10.56
1d080570-497d-477c-a56f-9d9c89cf9898,user_50,user_50@example.com,76cca7a9-47db-4079-ad22-6a077ed605e6,262.65,52a680c4-01ad-4c7c-9403-81363579dc0c,Song 119,Artist 19,Jazz,13.75
5dee0afa-0256-4d13-ad33-11232be7fe52,user_34,user_34@example.com,48feb919-0ccb-4e77-b42a-88f8f1f1c083,248.05,ddd96dac-f15b-4bb1-b590-e48085f87f62,Song 62,Artist 2,Electronic,11.85
e12cc456-2db7-4807-9d77-4d1af05337e0,user_15,user_15@example.com,af58f396-b448-41f5-b853-1960a2defc98,486.05,726fd9dc-e442-414b-a0ab-6db5592c6a46,Song 181,Artist 1,Jazz,4.19
a09eabfc-9d07-4966-9c8c-c85d55940402,user_78,user_78@example.com,cd147e46-196d-4e13-be9c-8bec98d8ca79,319.63,d2c24ece-d12b-49c9-a97d-e5a0b08f9bf7,Song 153,Artist 13,Pop,1.0
0eb91322-2422-43f5-8578-efd06c74d26d,user_61,user_61@example.com,3f86983d-8a8f-45a5-b5f8-ba715968dca3,233.6,a52c27f5-a78f-4dbe-832c-1f1b304ac630,Song 156,Artist 16,Jazz,11.69
db71e7dd-e3ca-4544-a101-fc953fd12de4,user_73,user_73@example.com,a27910be-178b-4112-a51a-aaa4fe103710,426.66,630dc38e-90c1-4149-8969-3433f114d9f1,Song 106,Artist 6,Jazz,2.09
5d57ba56-8ad1-4748-ad7a-13d3572366ad,user_66,user_66@example.com,bb1197a8-37af-4217-91c2-b0e507303cae,226.56,7b7a5606-10a0-4833-9e4e-9ad6bc004879,Song 9,Artist 9,Jazz,10.85
32643c85-8ee5-4e1c-99b7-d235a20b1e9d,user_87,user_87@example.com,d9398a18-3aa5-4ccb-9a23-0e87e993b94c,195.14,bdbddd83-2173-49e6-acd7-528ffcd0f6a1,Song 54,Artist 14,Electronic,7.24
11c72a41-c80f-4524-860b-e685bd3b0424,user_86,user_86@example.com,c0ff6127-edad-47d9-8b4d-9d1c2c7aa96c,30.47,6538c70d-b4d5-47d7-a5fb-5d17b3e4ef76,Song 95,Artist 15,Pop,5.02
aa44286a-184d-4ee3-a2c8-907bf503c2ef,user_68,user_68@example.com,7d06a94b-b30c-4133-b6ea-e638f9e48df2,33.15,90c0ef12-0aa1-464c-abf6-c0b7c5fbe970,Song 49,Artist 9,Pop,12.35
b2caa2a3-2738-4bd3-ad7a-d3f4c43083e9,user_82,user_82@example.com,0bf94a8c-e681-4b4b-93d4-9034371b59b8,136.15,75cabf06-31a9-4341-9a12-cddb1c8e3a93,Song 121,Artist 1,Electronic,7.28
681890ac-7cc9-48e6-a38b-25c3486c6f19,user_54,user_54@example.com,0a4120b3-16cf-418a-ac22-ee20200d59f0,375.33,355ff1da-1c6d-4d48-81bf-5dbf59d1ca16,Song 24,Artist 4,Electronic,15.2
bf3550da-3037-455a-88d6-4858704f911f,user_74,user_74@example.com,f0ecce89-f227-4939-a225-db072d14bbfe,356.04,629de6e0-acf1-45da-9221-6f34da4d4da0,Song 148,Artist 8,Rock,11.09
00070552-838d-47f5-ad7d-d6678d769d2f,user_72,user_72@example.com,ef3eb137-c64d-4c22-906a-4ce316ad4fe6,83.24,e6b34bdb-d5be-493f-b5b3-798e84e3b4da,Song 166,Artist 6,Pop,11.41
db71e7dd-e3ca-4544-a101-fc953fd12de4,user_73,user_73@example.com,a27910be-178b-4112-a51a-aaa4fe103710,426.66,f71643b8-3f65-4c0b-98b6-88bbf382dca2,Song 77,Artist 17,Electronic,10.29
350713c6-992d-4242-8ff0-e8cd233eb45c,user_89,user_89@example.com,299df01a-9cf5-4465-a3d9-bb10fd6aa836,14.65,f7cdae75-fca5-4cdf-a325-9bba85d7f242,Song 34,Artist 14,Rock,6.06
3a1e163a-3555-4eda-800d-76157d3a9bef,user_9,user_9@example.com,462595d4-7790-4972-b6fd-ac5c33b10173,39.89,658f0a0c-c2d3-4c4a-bfe4-d194ac454474,Song 69,Artist 9,Electronic,10.77
3a1e163a-3555-4eda-800d-76157d3a9bef,user_9,user_9@example.com,462595d4-7790-4972-b6fd-ac5c33b10173,39.89,623d8a20-3f66-4c96-b0da-d799dcfa6ae3,Song 146,Artist 6,Rock,2.58
565e7418-ae61-4166-bd7d-563090559a76,user_49,user_49@example.com,d06480e8-7f5f-4078-b5f4-783ccd99ba5b,268.63,067c8c1c-04ef-4e77-a2a4-5c5a2a4f3f5f,Song 113,Artist 13,Pop,3.3
71a9498f-f7f3-4d87-9a10-5e1836e3cd76,user_33,user_33@example.com,9453a219-e89f-4691-927e-9f9ec66bc6e4,402.46,683b21c8-1817-48f0-a6c3-04e00e7b24fb,Song 161,Artist 1,Jazz,5.31
2e94fc08-1c17-426c-9d8f-26ac3bf92686,user_5,user_5@example.com,8dbe1a1a-f62a-4f84-815a-b888cdfefd03,106.13,0415de07-c574-48d3-97f3-4a65e9084e97,Song 118,Artist 18,Rock,12.31
f006deb0-668d-4b52-8e84-2004a133a168,user_99,user_99@example.com,33146dca-d6d0-4aa9-9846-91f2735b6d7b,178.64,84d97b51-38bf-4e5f-8910-a88b7019151e,Song 7,Artist 7,Electronic,2.62
e69559ef-f69e-4359-aa06-9912421e0367,user_37,user_37@example.com,7a1ae2d5-f921-4a66-ad0d-5f5577c6c6a8,154.47,0d0486c4-2b69-459f-b46b-d8af2f2b6b68,Song 87,Artist 7,Pop,2.06
bacc9f5d-9ab2-4722-a7d9-823e849017f5,user_0,user_0@example.com,4d3e8692-0cff-40cc-81ed-8cf9e2cc3327,235.76,81abbe14-90ec-4ca8-9c1c-070517c7a8cd,Song 175,Artist 15,Jazz,4.39
01a8ad0c-6d5d-4054-8cca-7f66b82e15db,user_11,user_11@example.com,a1a967ae-174f-49bb-b751-4a70b77fb816,43.12,56c8bbdf-1c8e-49cf-b3e8-addc52a65cb1,Song 72,Artist 12,Electronic,1.15
27dd5e02-85b9-4b44-8470-c68bdf69caf7,user_52,user_52@example.com,0912f14a-1a80-4389-95a4-d11d7dafb5bc,451.98,3aad537b-2156-4416-98f2-b9ee35c21da5,Song 29,Artist 9,Electronic,6.14
1bdd7e34-bf5f-4df4-bcdc-d8cbdf3a75ba,user_92,user_92@example.com,e639fce7-399a-4bb8-a881-e1e943b84b64,29.28,e2bc0a33-e86d-4f27-86a9-32a7c13e9bc3,Song 138,Artist 18,Jazz,7.81
6cc2b853-4faf-4b65-ab01-fe9fdef8221b,user_22,user_22@example.com,0f67f8aa-cd6d-4ede-8c1d-3aed01c3876f,354.35,90ba64ca-50f5-4791-8aad-cfdde79d245d,Song 46,Artist 6,Rock,2.66
e1a27ee5-4393-4d9d-89bb-7d242c4d0361,user_7,user_7@example.com,2b9dae43-66cb-4116-9680-a6933ecc7bff,127.39,3aad537b-2156-4416-98f2-b9ee35c21da5,Song 29,Artist 9,Electronic,6.14
9ffaf078-3e21-4f51-a709-dda105cfa9d4,user_36,user_36@example.com,9dc115b4-8788-4a10-8416-f38b544d967c,238.61,849ad17e-7936-4c00-a96a-b6621f181938,Song 188,Artist 8,Electronic,13.32
8f9d061c-a48e-4f8f-9650-5413126faba8,user_96,user_96@example.com,88d40f4f-03e4-410c-a4ac-6e4e705d6314,386.76,5ab521c4-dd3a-4fc0-b415-350793e35de2,Song 18,Artist 18,Jazz,2.56
bcb76878-86df-4b81-a1b5-97c67458073c,user_25,user_25@example.com,24866ecb-e0df-40a5-be3a-32bf0a69b41c,180.98,4e85de8c-e1e6-41fe-ba7f-c4d604402089,Song 70,Artist 10,Pop,8.17
0ff248ce-d66b-49ed-ba6f-87c1511aebd0,user_43,user_43@example.com,b17e9bd3-3a5a-494d-ad9c-2977548a3673,225.3,45c118fb-8fc1-466d-acbd-b16cc36502aa,Song 122,Artist 2,Rock,2.57
42f5859f-840a-4ef6-bffa-8c709c574e02,user_84,user_84@example.com,54ea74b3-b46d-43a6-afc5-1e6c3781a5d1,126.32,0799b41b-3f6e-4899-9dc5-3c2aabf20fe1,Song 184,Artist 4,Jazz,9.21
6eeaf898-3bf6-4184-9836-88c1d3da5a1a,user_85,user_85@example.com,7d69b436-eb13-4662-b17f-c79ff8326d99,209.07,da874d7d-f63a-4977-9924-02994464140a,Song 79,Artist 19,Rock,10.11
0f9edd76-f58a-4c84-88e5-435569c86618,user_69,user_69@example.com,cef3fdee-bed7-4371-b320-5dbc8089d643,46.23,e17fc559-789b-43ce-8a5e-ff0e1cda9f2a,Song 165,Artist 5,Jazz,7.17
bf3550da-3037-455a-88d6-4858704f911f,user_74,user_74@example.com,f0ecce89-f227-4939-a225-db072d14bbfe,356.04,95a36db4-2ed0-4afa-83d1-619d3e72b006,Song 19,Artist 19,Electronic,5.6
a09eabfc-9d07-4966-9c8c-c85d55940402,user_78,user_78@example.com,cd147e46-196d-4e13-be9c-8bec98d8ca79,319.63,a52c27f5-a78f-4dbe-832c-1f1b304ac630,Song 156,Artist 16,Jazz,11.69
347a29cf-91bd-4903-a2ec-4c524a2e82a4,user_10,user_10@example.com,32262bfb-d5a4-4e75-b120-1811452f145f,11.88,9fe39427-ef27-4561-8140-30123a029e4b,Song 142,Artist 2,Electronic,2.74
0eb91322-2422-43f5-8578-efd06c74d26d,user_61,user_61@example.com,3f86983d-8a8f-45a5-b5f8-ba715968dca3,233.6,75cabf06-31a9-4341-9a12-cddb1c8e3a93,Song 121,Artist 1,Electronic,7.28
fb1cc971-3210-4dda-914b-b4f1498b088b,user_83,user_83@example.com,b71bad17-6103-48ab-9a5b-d76f8a69e43b,490.25,f9ad728f-fa39-463e-ad94-216104a1f311,Song 139,Artist 19,Electronic,1.3
bf3550da-3037-455a-88d6-4858704f911f,user_74,user_74@example.com,f0ecce89-f227-4939-a225-db072d14bbfe,356.04,a9bcca72-fb76-4368-a714-f1b5e7f6ce81,Song 6,Artist 6,Pop,8.07
9c9b32e3-796e-4c07-a1f8-eb82d772a9bb,user_93,user_93@example.com,91f43786-67c2-4229-af8d-877849178f80,399.65,79f01903-125e-4890-bd2e-149c45de7ceb,Song 71,Artist 11,Electronic,15.31
5eeb8472-8c23-4bac-863e-b8b14848aef8,user_91,user_91@example.com,c0e6f628-157d-4762-acf5-1edad6c5d6b9,328.05,f71643b8-3f65-4c0b-98b6-88bbf382dca2,Song 77,Artist 17,Electronic,10.29
7f784d0e-64d7-493f-84a5-67324f644198,user_79,user_79@example.com,4c56935a-b7ed-4fb6-b7ac-5c8622bd8424,307.33,683b21c8-1817-48f0-a6c3-04e00e7b24fb,Song 161,Artist 1,Jazz,5.31
4c568930-3632-41ed-ab4e-9d261b92edba,user_8,user_8@example.com,87cd4032-ab6d-429d-9e5a-179d96cf820d,132.51,e3a23c4c-7fac-4175-bda6-b2cc6acdd5f7,Song 110,Artist 10,Electronic,11.08
00070552-838d-47f5-ad7d-d6678d769d2f,user_72,user_72@example.com,ef3eb137-c64d-4c22-906a-4ce316ad4fe6,83.24,c5f1f553-cdc6-46ff-a1ff-21a0fb0323a1,Song 56,Artist 16,Jazz,14.01
b0790ad0-1c94-4110-a7b4-60454fac2c80,user_28,user_28@example.com,3a6fec52-c353-42b6-bf38-b99c0b80b151,496.18,a52c27f5-a78f-4dbe-832c-1f1b304ac630,Song 156,Artist 16,Jazz,11.69
6eeaf898-3bf6-4184-9836-88c1d3da5a1a,user_85,user_85@example.com,7d69b436-eb13-4662-b17f-c79ff8326d99,209.07,ca7494c0-994c-44f4-9e13-1b1e87b284cc,Song 20,Artist 0,Pop,8.92
ca5243b8-af39-4240-9329-641467eaaa32,user_63,user_63@example.com,82542883-7ebd-45cd-aac5-99a7b1ad4a1c,426.41,56c8bbdf-1c8e-49cf-b3e8-addc52a65cb1,Song 72,Artist 12,Electronic,1.15
d81f8e26-c977-42d8-a983-7dca07cf6568,user_24,user_24@example.com,02f32efc-6647-4b49-9e5a-a92feb583644,422.08,fd073678-6d4d-4f84-abd7-1e23e1c3f36a,Song 75,Artist 15,Pop,5.19
794e4561-728c-4b88-b620-3bc7c25b8825,user_44,user_44@example.com,a960f908-664c-4a7b-a6da-338aca386569,407.69,38776bf2-222c-4dd4-8d44-20456918bfeb,Song 120,Artist 0,Rock,14.6
4b21679e-cd65-4481-97f1-37f69fb5a00f,user_46,user_46@example.com,a86459af-4ad6-4527-9028-ee25e79b0572,181.24,856c9c9a-2587-48f0-a61f-30be521efff5,Song 37,Artist 17,Electronic,4.57
9a9c256e-763a-4857-8e59-b7b873ee0c31,user_32,user_32@example.com,cc8f1503-a607-4593-9978-c135fd5a97b3,256.94,fd355f29-1783-41fa-89fb-4b20c06dbcda,Song 16,Artist 16,Jazz,10.63
f4500229-0662-4256-94ed-d1216b58fd5d,user_90,user_90@example.com,ff941cd0-9652-462f-a7db-2e8703632635,93.16,68359291-cfc0-4d0b-8265-d4b7bd4efda8,Song 53,Artist 13,Rock,11.21
bf3550da-3037-455a-88d6-4858704f911f,user_74,user_74@example.com,f0ecce89-f227-4939-a225-db072d14bbfe,356.04,f8e82a40-4835-4896-af7a-d5aa3930e436,Song 145,Artist 5,Electronic,1.48
5bf3e1c4-7ec7-447d-a89d-01f0d17d7a30,user_12,user_12@example.com,ca209542-e12d-475f-9824-13e551d8ea53,292.19,824d26f0-9e62-4b2c-af44-bdc2579a98d0,Song 51,Artist 11,Electronic,6.07
a09eabfc-9d07-4966-9c8c-c85d55940402,user_78,user_78@example.com,cd147e46-196d-4e13-be9c-8bec98d8ca79,319.63,b78fb09b-2a3c-465f-8998-dea97e9f926e,Song 182,Artist 2,Electronic,14.4
56f3d9d4-507c-41b8-8501-ce99bef2b23d,user_57,user_57@example.com,ebbf8bf1-d07f-4d79-8228-77062cc3cbf9,372.27,3a003d95-40f2-4196-b4fe-233efe5d3d21,Song 92,Artist 12,Jazz,7.28
92ecce5a-294e-4658-941a-5f2d66661c50,user_77,user_77@example.com,05ac083a-a96b-4907-93fb-bd3f56eb2883,325.12,bd931287-5080-4a05-aa47-d22563e593f6,Song 130,Artist 10,Pop,15.86
1bdd7e34-bf5f-4df4-bcdc-d8cbdf3a75ba,user_92,user_92@example.com,e639fce7-399a-4bb8-a881-e1e943b84b64,29.28,05d87baa-02d6-47df-b2c4-c7ccc61440ae,Song 43,Artist 3,Rock,6.72
e1a27ee5-4393-4d9d-89bb-7d242c4d0361,user_7,user_7@example.com,2b9dae43-66cb-4116-9680-a6933ecc7bff,127.39,a6e56e8d-2452-4a22-ba66-99fd5831bbf0,Song 176,Artist 16,Pop,9.3
5dee0afa-0256-4d13-ad33-11232be7fe52,user_34,user_34@example.com,48feb919-0ccb-4e77-b42a-88f8f1f1c083,248.05,4fd81aa5-9ba7-463a-a265-728f218eafe9,Song 193,Artist 13,Pop,5.48
c6c4c519-1969-4236-bc9e-475077da8efa,user_71,user_71@example.com,49711198-6cb0-430e-84fc-28c60283f1d0,273.47,7453af21-187f-42db-9f58-716ed315b1d5,Song 196,Artist 16,Jazz,13.2
04a938f8-4e17-45fa-98b4-416b40a2b138,user_67,user_67@example.com,c482d468-0544-41ff-903f-2b8cc8257690,479.93,25b906b7-0557-4609-824c-c200d8309f53,Song 12,Artist 12,Pop,4.72
a5e4b011-d948-490b-9e66-d8b7c5c0814f,user_16,user_16@example.com,36709bba-58d5-45eb-8e26-ba1ca03e9b18,325.64,ca7affdd-faa7-4004-a852-e075a24ddab7,Song 8,Artist 8,Pop,12.61
f239555d-3c3f-40a1-89e9-182b95deb061,user_4,user_4@example.com,9e643a42-e55f-41ca-931d-31a1e85fdc0e,319.28,a52c27f5-a78f-4dbe-832c-1f1b304ac630,Song 156,Artist 16,Jazz,11.69
92ecce5a-294e-4658-941a-5f2d66661c50,user_77,user_77@example.com,05ac083a-a96b-4907-93fb-bd3f56eb2883,325.12,4c711ba9-bf5b-4eb6-81f0-596e74ac563f,Song 116,Artist 16,Pop,8.73
6cc2b853-4faf-4b65-ab01-fe9fdef8221b,user_22,user_22@example.com,0f67f8aa-cd6d-4ede-8c1d-3aed01c3876f,354.35,17f197da-6fa3-40f3-a881-1b8e43ef8556,Song 144,Artist 4,Pop,8.77
119c0181-dfc4-46f5-8de2-7b1d6084c889,user_47,user_47@example.com,ab8a39b6-0bf1-428b-befd-f4b4dcc1e059,152.44,57c631f2-6b1a-4b57-8e61-690f37a0fea8,Song 126,Artist 6,Jazz,8.88
32643c85-8ee5-4e1c-99b7-d235a20b1e9d,user_87,user_87@example.com,d9398a18-3aa5-4ccb-9a23-0e87e993b94c,195.14,7fb5b1c1-187a-4275-a303-01c033a18916,Song 26,Artist 6,Jazz,8.88
b2dfa26e-6c29-4b95-ab16-06e4ec35bc58,user_65,user_65@example.com,3b08562d-2ceb-475a-945e-f3bdda6289a1,464.15,19c6f33b-c111-4547-8f88-32e5560fc120,Song 98,Artist 18,Pop,12.82
b2caa2a3-2738-4bd3-ad7a-d3f4c43083e9,user_82,user_82@example.com,0bf94a8c-e681-4b4b-93d4-9034371b59b8,136.15,38776bf2-222c-4dd4-8d44-20456918bfeb,Song 120,Artist 0,Rock,14.6
d2f795cd-fbf3-4d67-a77a-a6c35819bed5,user_76,user_76@example.com,a20f1e78-9427-471e-a04e-2214a8b6e617,24.17,e43be2f0-7105-40dc-b9db-2b803c12036b,Song 65,Artist 5,Rock,12.31
f4500229-0662-4256-94ed-d1216b58fd5d,user_90,user_90@example.com,ff941cd0-9652-462f-a7db-2e8703632635,93.16,cd5d993a-0fe5-46a4-9c06-32cf38ed32c3,Song 192,Artist 12,Electronic,2.28
94130455-b282-4198-886c-f4b0661187a7,user_98,user_98@example.com,c0cfccce-2c7c-4e50-aaa7-3468cc9c07df,79.36,1d9a2078-5335-4994-8bbc-6f5d625117d5,Song 186,Artist 6,Rock,11.32
3b748d0d-d688-490a-830e-91bc564720cf,user_64,user_64@example.com,ee5ac602-2cb1-44ac-88df-167fb35b680d,24.92,e4623012-f31d-42fb-8922-a4010439323a,Song 180,Artist 0,Pop,1.54
71a9498f-f7f3-4d87-9a10-5e1836e3cd76,user_33,user_33@example.com,9453a219-e89f-4691-927e-9f9ec66bc6e4,402.46,15a63f11-90fe-4a09-8488-12d831275653,Song 27,Artist 7,Electronic,8.88
3a1e163a-3555-4eda-800d-76157d3a9bef,user_9,user_9@example.com,462595d4-7790-4972-b6fd-ac5c33b10173,39.89,4af206ba-6331-4d63-93a4-70b577f62a9e,Song 134,Artist 14,Pop,14.65
5bf3e1c4-7ec7-447d-a89d-01f0d17d7a30,user_12,user_12@example.com,ca209542-e12d-475f-9824-13e551d8ea53,292.19,2021efb7-77a7-4ac6-920a-fd30941c104c,Song 40,Artist 0,Electronic,8.99
c8a15071-e9c7-4c5e-b0b8-4feefa2b3de0,user_95,user_95@example.com,93337843-0af6-4511-903d-2b4edfb98c7c,497.18,c96deef8-5707-470e-91e2-c10b13e8e7ac,Song 45,Artist 5,Jazz,11.04
0eb91322-2422-43f5-8578-efd06c74d26d,user_61,user_61@example.com,3f86983d-8a8f-45a5-b5f8-ba715968dca3,233.6,d8593cb7-91d4-4d1c-a022-26c7b8eb1ada,Song 52,Artist 12,Electronic,4.46
794e4561-728c-4b88-b620-3bc7c25b8825,user_44,user_44@example.com,a960f908-664c-4a7b-a6da-338aca386569,407.69,021195d0-8f33-4111-8bef-600df3ee5ce4,Song 160,Artist 0,Electronic,12.67
9ffaf078-3e21-4f51-a709-dda105cfa9d4,user_36,user_36@example.com,9dc115b4-8788-4a10-8416-f38b544d967c,238.61,9798c44e-c826-4588-a838-c5a350ccfe8c,Song 67,Artist 7,Pop,8.79
9ffaf078-3e21-4f51-a709-dda105cfa9d4,user_36,user_36@example.com,9dc115b4-8788-4a10-8416-f38b544d967c,238.61,4d42cf45-a297-4bc0-b8f1-fa3f6a0652c5,Song 117,Artist 17,Jazz,14.89
0f9edd76-f58a-4c84-88e5-435569c86618,user_69,user_69@example.com,cef3fdee-bed7-4371-b320-5dbc8089d643,46.23,4e85de8c-e1e6-41fe-ba7f-c4d604402089,Song 70,Artist 10,Pop,8.17
2e94fc08-1c17-426c-9d8f-26ac3bf92686,user_5,user_5@example.com,8dbe1a1a-f62a-4f84-815a-b888cdfefd03,106.13,05c9f7b4-f5dc-4acf-9ca9-bdef0e4ca10b,Song 185,Artist 5,Jazz,7.21
bacc9f5d-9ab2-4722-a7d9-823e849017f5,user_0,user_0@example.com,4d3e8692-0cff-40cc-81ed-8cf9e2cc3327,235.76,6f63eed6-1912-4b12-9ca5-c8ab9ff172db,Song 93,Artist 13,Rock,5.06
0c90a684-2529-4681-b188-d200225d69a1,user_13,user_13@example.com,4d42b0dd-fb63-48a5-b0a0-0064dd6a57b8,291.09,ccf5cec7-38a4-4cb9-a33c-71d0c647278e,Song 155,Artist 15,Pop,2.81
f4500229-0662-4256-94ed-d1216b58fd5d,user_90,user_90@example.com,ff941cd0-9652-462f-a7db-2e8703632635,93.16,6f63eed6-1912-4b12-9ca5-c8ab9ff172db,Song 93,Artist 13,Rock,5.06
a09eabfc-9d07-4966-9c8c-c85d55940402,user_78,user_78@example.com,cd147e46-196d-4e13-be9c-8bec98d8ca79,319.63,bb6a3fed-01b7-488b-b4d6-b7712c698902,Song 59,Artist 19,Jazz,9.18
d2f795cd-fbf3-4d67-a77a-a6c35819bed5,user_76,user_76@example.com,a20f1e78-9427-471e-a04e-2214a8b6e617,24.17,43a59960-9c11-4a6f-9323-114e7273842e,Song 2,Artist 2,Electronic,10.73
565e7418-ae61-4166-bd7d-563090559a76,user_49,user_49@example.com,d06480e8-7f5f-4078-b5f4-783ccd99ba5b,268.63,43a59960-9c11-4a6f-9323-114e7273842e,Song 2,Artist 2,Electronic,10.73
32643c85-8ee5-4e1c-99b7-d235a20b1e9d,user_87,user_87@example.com,d9398a18-3aa5-4ccb-9a23-0e87e993b94c,195.14,849ad17e-7936-4c00-a96a-b6621f181938,Song 188,Artist 8,Electronic,13.32
3b748d0d-d688-490a-830e-91bc564720cf,user_64,user_64@example.com,ee5ac602-2cb1-44ac-88df-167fb35b680d,24.92,a52c27f5-a78f-4dbe-832c-1f1b304ac630,Song 156,Artist 16,Jazz,11.69
7f784d0e-64d7-493f-84a5-67324f644198,user_79,user_79@example.com,4c56935a-b7ed-4fb6-b7ac-5c8622bd8424,307.33,f9ad728f-fa39-463e-ad94-216104a1f311,Song 139,Artist 19,Electronic,1.3
e873700b-99ea-4952-aa01-20c5a8a19575,user_21,user_21@example.com,dd0f6eb4-e743-4c04-80ee-611c3bd3f0ee,197.37,951850d5-7810-468c-827e-71000ea70d78,Song 163,Artist 3,Rock,8.64
94130455-b282-4198-886c-f4b0661187a7,user_98,user_98@example.com,c0cfccce-2c7c-4e50-aaa7-3468cc9c07df,79.36,d0431322-c235-43b0-b719-d378eba42ac9,Song 168,Artist 8,Rock,10.37
f006deb0-668d-4b52-8e84-2004a133a168,user_99,user_99@example.com,33146dca-d6d0-4aa9-9846-91f2735b6d7b,178.64,e6c8870e-ddd7-4a2e-b5a1-cbb094cfc508,Song 39,Artist 19,Pop,1.63
7f784d0e-64d7-493f-84a5-67324f644198,user_79,user_79@example.com,4c56935a-b7ed-4fb6-b7ac-5c8622bd8424,307.33,11a1551b-28e4-46b7-8fe7-a602db95fcff,Song 125,Artist 5,Electronic,2.36
32643c85-8ee5-4e1c-99b7-d235a20b1e9d,user_87,user_87@example.com,d9398a18-3aa5-4ccb-9a23-0e87e993b94c,195.14,11a1551b-28e4-46b7-8fe7-a602db95fcff,Song 125,Artist 5,Electronic,2.36
1b6a1211-7f26-43bf-b974-5e882d677bc2,user_14,user_14@example.com,87a3a573-aa19-449e-9caa-0e2868423b92,23.32,9fe39427-ef27-4561-8140-30123a029e4b,Song 142,Artist 2,Electronic,2.74
7f784d0e-64d7-493f-84a5-67324f644198,user_79,user_79@example.com,4c56935a-b7ed-4fb6-b7ac-5c8622bd8424,307.33,4fe1c4f3-6adf-4499-a9cd-e60d518e67cb,Song 89,Artist 9,Jazz,1.47
565e7418-ae61-4166-bd7d-563090559a76,user_49,user_49@example.com,d06480e8-7f5f-4078-b5f4-783ccd99ba5b,268.63,021195d0-8f33-4111-8bef-600df3ee5ce4,Song 160,Artist 0,Electronic,12.67
681890ac-7cc9-48e6-a38b-25c3486c6f19,user_54,user_54@example.com,0a4120b3-16cf-418a-ac22-ee20200d59f0,375.33,ff8f8129-4ba1-4edc-9f40-1bb969a35b31,Song 159,Artist 19,Jazz,12.42
a1a35823-5afd-47c5-bc4b-d0687905aff3,user_53,user_53@example.com,cd5f1f30-db3b-443c-ac4d-5280d096adec,287.32,1f56df2f-980a-4de2-baae-543fc09f95ab,Song 14,Artist 14,Jazz,9.63
42f5859f-840a-4ef6-bffa-8c709c574e02,user_84,user_84@example.com,54ea74b3-b46d-43a6-afc5-1e6c3781a5d1,126.32,3aad537b-2156-4416-98f2-b9ee35c21da5,Song 29,Artist 9,Electronic,6.14
a1a35823-5afd-47c5-bc4b-d0687905aff3,user_53,user_53@example.com,cd5f1f30-db3b-443c-ac4d-5280d096adec,287.32,1d9a2078-5335-4994-8bbc-6f5d625117d5,Song 186,Artist 6,Rock,11.32
00070552-838d-47f5-ad7d-d6678d769d2f,user_72,user_72@example.com,ef3eb137-c64d-4c22-906a-4ce316ad4fe6,83.24,bed57808-062b-4508-b272-20f17727ded9,Song 187,Artist 7,Jazz,11.48
80f63cb3-118f-4132-bedf-c297efb250fe,user_42,user_42@example.com,dac6f077-eced-4b8c-9e33-10263030cff8,464.94,25b906b7-0557-4609-824c-c200d8309f53,Song 12,Artist 12,Pop,4.72
e01f6194-2d7a-4959-9f0e-d4899c210b5c,user_60,user_60@example.com,51f4db68-97d0-4288-a53d-75816623830b,323.28,57c631f2-6b1a-4b57-8e61-690f37a0fea8,Song 126,Artist 6,Jazz,8.88
9dd2ca1d-810c-433c-ba02-1849b892b2bd,user_29,user_29@example.com,1425bbc2-d490-4d5f-a2d9-e17f923051b9,437.32,1d9a2078-5335-4994-8bbc-6f5d625117d5,Song 186,Artist 6,Rock,11.32
794e4561-728c-4b88-b620-3bc7c25b8825,user_44,user_44@example.com,a960f908-664c-4a7b-a6da-338aca386569,407.69,0ef4e954-221d-4c48-9da7-53bc241d9501,Song 1,Artist 1,Pop,10.56
e825f796-b749-4370-992e-b95eec1f17e1,user_26,user_26@example.com,fa53f92c-0a22-4e56-ab41-e03f7b163029,150.17,21defdcd-0600-4c2f-8819-757d71787d20,Song 114,Artist 14,Rock,13.57
71a9498f-f7f3-4d87-9a10-5e1836e3cd76,user_33,user_33@example.com,9453a219-e89f-4691-927e-9f9ec66bc6e4,402.46,a0203e1f-951a-4377-abe9-02fbffb870f5,Song 129,Artist 9,Jazz,4.47
119c0181-dfc4-46f5-8de2-7b1d6084c889,user_47,user_47@example.com,ab8a39b6-0bf1-428b-befd-f4b4dcc1e059,152.44,b67ec4b1-dcde-4fc6-a7a1-142d31fb69cf,Song 32,Artist 12,Electronic,3.01
bcb76878-86df-4b81-a1b5-97c67458073c,user_25,user_25@example.com,24866ecb-e0df-40a5-be3a-32bf0a69b41c,180.98,fbade4f8-99ef-480e-a90f-bc6b812c0c0f,Song 84,Artist 4,Pop,11.84
5bf3e1c4-7ec7-447d-a89d-01f0d17d7a30,user_12,user_12@example.com,ca209542-e12d-475f-9824-13e551d8ea53,292.19,d5310e46-ef9c-4c7f-a386-c357155b968d,Song 47,Artist 7,Pop,15.58
80f63cb3-118f-4132-bedf-c297efb250fe,user_42,user_42@example.com,dac6f077-eced-4b8c-9e33-10263030cff8,464.94,4efcf117-4d76-4316-ac43-c06fb1c75a5e,Song 107,Artist 7,Jazz,6.54
afa2fa55-4a1f-4d1e-a549-133cb0aa1341,user_75,user_75@example.com,bf53c31e-1242-43f5-9b13-87beb65abf92,364.56,4af206ba-6331-4d63-93a4-70b577f62a9e,Song 134,Artist 14,Pop,14.65
f006deb0-668d-4b52-8e84-2004a133a168,user_99,user_99@example.com,33146dca-d6d0-4aa9-9846-91f2735b6d7b,178.64,a27bfe83-85d8-4213-b523-49828df21dff,Song 105,Artist 5,Rock,1.35
01a8ad0c-6d5d-4054-8cca-7f66b82e15db,user_11,user_11@example.com,a1a967ae-174f-49bb-b751-4a70b77fb816,43.12,d5310e46-ef9c-4c7f-a386-c357155b968d,Song 47,Artist 7,Pop,15.58
db71e7dd-e3ca-4544-a101-fc953fd12de4,user_73,user_73@example.com,a27910be-178b-4112-a51a-aaa4fe103710,426.66,4d42cf45-a297-4bc0-b8f1-fa3f6a0652c5,Song 117,Artist 17,Jazz,14.89
794e4561-728c-4b88-b620-3bc7c25b8825,user_44,user_44@example.com,a960f908-664c-4a7b-a6da-338aca386569,407.69,1b1aada1-d566-45a2-bffa-9659bcd2cc8d,Song 178,Artist 18,Electronic,7.58
9a9c256e-763a-4857-8e59-b7b873ee0c31,user_32,user_32@example.com,cc8f1503-a607-4593-9978-c135fd5a97b3,256.94,c3be8338-4cf4-49be-bdac-c7c4fcc941d7,Song 4,Artist 4,Jazz,9.36
163d3f2a-928c-4827-a9d1-0d55cf2ba733,user_31,user_31@example.com,9abfd5d5-e676-43a0-ad46-8b1d283d9be4,482.06,03ced980-e5e3-4234-93a2-99529032b3f8,Song 97,Artist 17,Rock,15.18
e825f796-b749-4370-992e-b95eec1f17e1,user_26,user_26@example.com,fa53f92c-0a22-4e56-ab41-e03f7b163029,150.17,3aad537b-2156-4416-98f2-b9ee35c21da5,Song 29,Artist 9,Electronic,6.14
3b748d0d-d688-490a-830e-91bc564720cf,user_64,user_64@example.com,ee5ac602-2cb1-44ac-88df-167fb35b680d,24.92,6d9afff1-ae1a-468b-8cf5-4e631b65fee4,Song 140,Artist 0,Pop,5.2
6edec490-38c7-4d77-8a98-6cbed129fbef,user_35,user_35@example.com,2df63195-68b5-4dcf-aaf3-ee98d581079f,69.31,dbe539be-4d2f-4fdf-93c1-61c508e22d2a,Song 91,Artist 11,Jazz,13.91
b67da619-e4bc-42cd-8bf4-d9ded6729158,user_81,user_81@example.com,275c0c72-aefb-416c-b197-df3421eb2d7d,436.49,856c9c9a-2587-48f0-a61f-30be521efff5,Song 37,Artist 17,Electronic,4.57
1bdd7e34-bf5f-4df4-bcdc-d8cbdf3a75ba,user_92,user_92@example.com,e639fce7-399a-4bb8-a881-e1e943b84b64,29.28,40a1736f-db25-424a-a6e5-6bfb27c4e8d9,Song 189,Artist 9,Electronic,2.87
794e4561-728c-4b88-b620-3bc7c25b8825,user_44,user_44@example.com,a960f908-664c-4a7b-a6da-338aca386569,407.69,fbade4f8-99ef-480e-a90f-bc6b812c0c0f,Song 84,Artist 4,Pop,11.84
56f3d9d4-507c-41b8-8501-ce99bef2b23d,user_57,user_57@example.com,ebbf8bf1-d07f-4d79-8228-77062cc3cbf9,372.27,630dc38e-90c1-4149-8969-3433f114d9f1,Song 106,Artist 6,Jazz,2.09
db71e7dd-e3ca-4544-a101-fc953fd12de4,user_73,user_73@example.com,a27910be-178b-4112-a51a-aaa4fe103710,426.66,dcd7af11-3a0e-453b-9e2c-805ac08df68d,Song 199,Artist 19,Jazz,3.36
afa2fa55-4a1f-4d1e-a549-133cb0aa1341,user_75,user_75@example.com,bf53c31e-1242-43f5-9b13-87beb65abf92,364.56,80bb3212-41f7-40b9-aa97-7986f3689350,Song 17,Artist 17,Jazz,3.25
3b748d0d-d688-490a-830e-91bc564720cf,user_64,user_64@example.com,ee5ac602-2cb1-44ac-88df-167fb35b680d,24.92,0d591a26-7a84-40e2-ac09-bdc0524edd6f,Song 23,Artist 3,Rock,14.65
61efbd43-89e0-4307-9ee3-4ccae1d53855,user_39,user_39@example.com,a1600e8b-be01-4ec8-900e-fed87666aa55,233.94,15a63f11-90fe-4a09-8488-12d831275653,Song 27,Artist 7,Electronic,8.88
e69559ef-f69e-4359-aa06-9912421e0367,user_37,user_37@example.com,7a1ae2d5-f921-4a66-ad0d-5f5577c6c6a8,154.47,59d38e43-5586-4cbf-9c22-1bd04dc7e13e,Song 104,Artist 4,Pop,9.1
4c462a9c-81f2-48d5-9ca5-2db98c8c9355,user_6,user_6@example.com,157a5e1f-31e3-4264-92fb-e38cc91123b4,126.61,dbfea75c-fff7-4ec5-be51-c48ec2075bc4,Song 167,Artist 7,Pop,15.94
e1a27ee5-4393-4d9d-89bb-7d242c4d0361,user_7,user_7@example.com,2b9dae43-66cb-4116-9680-a6933ecc7bff,127.39,bd931287-5080-4a05-aa47-d22563e593f6,Song 130,Artist 10,Pop,15.86
e69559ef-f69e-4359-aa06-9912421e0367,user_37,user_37@example.com,7a1ae2d5-f921-4a66-ad0d-5f5577c6c6a8,154.47,629de6e0-acf1-45da-9221-6f34da4d4da0,Song 148,Artist 8,Rock,11.09
c8a15071-e9c7-4c5e-b0b8-4feefa2b3de0,user_95,user_95@example.com,93337843-0af6-4511-903d-2b4edfb98c7c,497.18,ab9f9eec-9cb6-4ab3-a5ad-bb74a7ef1bfc,Song 112,Artist 12,Jazz,14.57
8f9d061c-a48e-4f8f-9650-5413126faba8,user_96,user_96@example.com,88d40f4f-03e4-410c-a4ac-6e4e705d6314,386.76,d5310e46-ef9c-4c7f-a386-c357155b968d,Song 47,Artist 7,Pop,15.58
5bf3e1c4-7ec7-447d-a89d-01f0d17d7a30,user_12,user_12@example.com,ca209542-e12d-475f-9824-13e551d8ea53,292.19,d44b98db-896d-4b93-ba6f-b10a71740aa2,Song 81,Artist 1,Jazz,2.11
5d57ba56-8ad1-4748-ad7a-13d3572366ad,user_66,user_66@example.com,bb1197a8-37af-4217-91c2-b0e507303cae,226.56,531f93da-927c-4722-97ef-d018bd9cacbb,Song 35,Artist 15,Jazz,10.74
11c72a41-c80f-4524-860b-e685bd3b0424,user_86,user_86@example.com,c0ff6127-edad-47d9-8b4d-9d1c2c7aa96c,30.47,59d38e43-5586-4cbf-9c22-1bd04dc7e13e,Song 104,Artist 4,Pop,9.1
9a9c256e-763a-4857-8e59-b7b873ee0c31,user_32,user_32@example.com,cc8f1503-a607-4593-9978-c135fd5a97b3,256.94,6e423998-2d2c-4f06-a9f0-d9c435675091,Song 127,Artist 7,Rock,10.87
1d4652d7-56bc-4e1e-9f7c-05cae40036c7,user_17,user_17@example.com,43e7dcdf-014e-4fa4-abda-1c08278244be,118.19,ddd96dac-f15b-4bb1-b590-e48085f87f62,Song 62,Artist 2,Electronic,11.85
b29b0acb-8009-43a2-adf1-d7f543e28524,user_41,user_41@example.com,2ac9a54c-7a3f-4970-bef6-00f7d8767aa4,118.87,4efcf117-4d76-4316-ac43-c06fb1c75a5e,Song 107,Artist 7,Jazz,6.54
27dd5e02-85b9-4b44-8470-c68bdf69caf7,user_52,user_52@example.com,0912f14a-1a80-4389-95a4-d11d7dafb5bc,451.98,629de6e0-acf1-45da-9221-6f34da4d4da0,Song 148,Artist 8,Rock,11.09
b0790ad0-1c94-4110-a7b4-60454fac2c80,user_28,user_28@example.com,3a6fec52-c353-42b6-bf38-b99c0b80b151,496.18,683b21c8-1817-48f0-a6c3-04e00e7b24fb,Song 161,Artist 1,Jazz,5.31
1420279d-39e6-45d8-9055-abbff3d67f64,user_45,user_45@example.com,dd486e82-75ac-4279-9c57-8147b0d9779a,114.04,726fd9dc-e442-414b-a0ab-6db5592c6a46,Song 181,Artist 1,Jazz,4.19
1bdd7e34-bf5f-4df4-bcdc-d8cbdf3a75ba,user_92,user_92@example.com,e639fce7-399a-4bb8-a881-e1e943b84b64,29.28,d0431322-c235-43b0-b719-d378eba42ac9,Song 168,Artist 8,Rock,10.37
0eb91322-2422-43f5-8578-efd06c74d26d,user_61,user_61@example.com,3f86983d-8a8f-45a5-b5f8-ba715968dca3,233.6,0c10e2de-2879-4cb0-b10c-8be77723e879,Song 100,Artist 0,Pop,10.93
13cf1c04-c6e3-403d-ad1d-a8f4dbe19a55,user_18,user_18@example.com,0629c27a-9aa6-475c-bed8-9869269a663e,90.66,6f63eed6-1912-4b12-9ca5-c8ab9ff172db,Song 93,Artist 13,Rock,5.06
5bf3e1c4-7ec7-447d-a89d-01f0d17d7a30,user_12,user_12@example.com,ca209542-e12d-475f-9824-13e551d8ea53,292.19,7fb5b1c1-187a-4275-a303-01c033a18916,Song 26,Artist 6,Jazz,8.88
db71e7dd-e3ca-4544-a101-fc953fd12de4,user_73,user_73@example.com,a27910be-178b-4112-a51a-aaa4fe103710,426.66,0879e5a1-14a2-4a50-a7c6-fab796d48e7b,Song 154,Artist 14,Pop,15.48
bdd9bd5d-5ac5-4465-a49c-acd8281c0407,user_59,user_59@example.com,99849c90-5f2a-42fc-b268-128e3c17bc66,30.39,bd1494a7-6adc-4372-9d65-df8465637d05,Song 36,Artist 16,Rock,2.07
5bf3e1c4-7ec7-447d-a89d-01f0d17d7a30,user_12,user_12@example.com,ca209542-e12d-475f-9824-13e551d8ea53,292.19,f9f1bcea-b86a-48b2-a2dc-1caab7e9c9ff,Song 124,Artist 4,Jazz,7.76
e1a8c706-a088-4144-9c12-4151d9c0ae03,user_70,user_70@example.com,2c0ac1af-e8f3-44ee-ad71-4ca508b469fc,332.05,c5f1f553-cdc6-46ff-a1ff-21a0fb0323a1,Song 56,Artist 16,Jazz,14.01
9dd2ca1d-810c-433c-ba02-1849b892b2bd,user_29,user_29@example.com,1425bbc2-d490-4d5f-a2d9-e17f923051b9,437.32,4fe1c4f3-6adf-4499-a9cd-e60d518e67cb,Song 89,Artist 9,Jazz,1.47
80f63cb3-118f-4132-bedf-c297efb250fe,user_42,user_42@example.com,dac6f077-eced-4b8c-9e33-10263030cff8,464.94,dbe539be-4d2f-4fdf-93c1-61c508e22d2a,Song 91,Artist 11,Jazz,13.91
11c72a41-c80f-4524-860b-e685bd3b0424,user_86,user_86@example.com,c0ff6127-edad-47d9-8b4d-9d1c2c7aa96c,30.47,56c8bbdf-1c8e-49cf-b3e8-addc52a65cb1,Song 72,Artist 12,Electronic,1.15
565e7418-ae61-4166-bd7d-563090559a76,user_49,user_49@example.com,d06480e8-7f5f-4078-b5f4-783ccd99ba5b,268.63,157155f4-292a-4324-a988-35b8550ec033,Song 128,Artist 8,Electronic,14.7
13cf1c04-c6e3-403d-ad1d-a8f4dbe19a55,user_18,user_18@example.com,0629c27a-9aa6-475c-bed8-9869269a663e,90.66,84d97b51-38bf-4e5f-8910-a88b7019151e,Song 7,Artist 7,Electronic,2.62
0c90a684-2529-4681-b188-d200225d69a1,user_13,user_13@example.com,4d42b0dd-fb63-48a5-b0a0-0064dd6a57b8,291.09,a9bcca72-fb76-4368-a714-f1b5e7f6ce81,Song 6,Artist 6,Pop,8.07
bcb76878-86df-4b81-a1b5-97c67458073c,user_25,user_25@example.com,24866ecb-e0df-40a5-be3a-32bf0a69b41c,180.98,fd355f29-1783-41fa-89fb-4b20c06dbcda,Song 16,Artist 16,Jazz,10.63
e873700b-99ea-4952-aa01-20c5a8a19575,user_21,user_21@example.com,dd0f6eb4-e743-4c04-80ee-611c3bd3f0ee,197.37,531f93da-927c-4722-97ef-d018bd9cacbb,Song 35,Artist 15,Jazz,10.74
2e3e5798-4a9f-4268-a80d-3551a9e1843b,user_23,user_23@example.com,f03c5971-a27a-444b-bbed-1267ded77074,277.02,68359291-cfc0-4d0b-8265-d4b7bd4efda8,Song 53,Artist 13,Rock,11.21
f94b651f-224a-460d-937c-1cc4a4932a49,user_27,user_27@example.com,532f49fb-b369-4208-b8ec-15602ca0857a,233.26,dbfea75c-fff7-4ec5-be51-c48ec2075bc4,Song 167,Artist 7,Pop,15.94
a5e4b011-d948-490b-9e66-d8b7c5c0814f,user_16,user_16@example.com,36709bba-58d5-45eb-8e26-ba1ca03e9b18,325.64,20654964-532d-4195-8c69-2ed12311f99f,Song 158,Artist 18,Rock,3.42
a1a35823-5afd-47c5-bc4b-d0687905aff3,user_53,user_53@example.com,cd5f1f30-db3b-443c-ac4d-5280d096adec,287.32,9f3a862e-e2e5-4324-a6fe-b7aa5a76e4da,Song 50,Artist 10,Pop,7.44
4c462a9c-81f2-48d5-9ca5-2db98c8c9355,user_6,user_6@example.com,157a5e1f-31e3-4264-92fb-e38cc91123b4,126.61,683b21c8-1817-48f0-a6c3-04e00e7b24fb,Song 161,Artist 1,Jazz,5.31
350713c6-992d-4242-8ff0-e8cd233eb45c,user_89,user_89@example.com,299df01a-9cf5-4465-a3d9-bb10fd6aa836,14.65,4af206ba-6331-4d63-93a4-70b577f62a9e,Song 134,Artist 14,Pop,14.65
bdd9bd5d-5ac5-4465-a49c-acd8281c0407,user_59,user_59@example.com,99849c90-5f2a-42fc-b268-128e3c17bc66,30.39,a270fd6c-fa6d-4872-962b-bef601277d40,Song 177,Artist 17,Pop,8.7
a5e4b011-d948-490b-9e66-d8b7c5c0814f,user_16,user_16@example.com,36709bba-58d5-45eb-8e26-ba1ca03e9b18,325.64,355ff1da-1c6d-4d48-81bf-5dbf59d1ca16,Song 24,Artist 4,Electronic,15.2
f276973f-fc54-4183-8842-dfaf0f3e204d,user_80,user_80@example.com,f43558a0-caca-4033-85c1-659a7982846c,66.53,0799b41b-3f6e-4899-9dc5-3c2aabf20fe1,Song 184,Artist 4,Jazz,9.21
56f3d9d4-507c-41b8-8501-ce99bef2b23d,user_57,user_57@example.com,ebbf8bf1-d07f-4d79-8228-77062cc3cbf9,372.27,0415de07-c574-48d3-97f3-4a65e9084e97,Song 118,Artist 18,Rock,12.31
f586cf8d-6307-4d83-9425-51d55a0b8e81,user_30,user_30@example.com,a002a909-6aa7-47e4-a9f0-f01d74a13df7,242.5,e6777b42-9715-4f0b-ad9b-597b88699f1f,Song 137,Artist 17,Jazz,12.03
e12cc456-2db7-4807-9d77-4d1af05337e0,user_15,user_15@example.com,af58f396-b448-41f5-b853-1960a2defc98,486.05,56c8bbdf-1c8e-49cf-b3e8-addc52a65cb1,Song 72,Artist 12,Electronic,1.15
a09eabfc-9d07-4966-9c8c-c85d55940402,user_78,user_78@example.com,cd147e46-196d-4e13-be9c-8bec98d8ca79,319.63,4fd81aa5-9ba7-463a-a265-728f218eafe9,Song 193,Artist 13,Pop,5.48
f4500229-0662-4256-94ed-d1216b58fd5d,user_90,user_90@example.com,ff941cd0-9652-462f-a7db-2e8703632635,93.16,bdbddd83-2173-49e6-acd7-528ffcd0f6a1,Song 54,Artist 14,Electronic,7.24
e1a8c706-a088-4144-9c12-4151d9c0ae03,user_70,user_70@example.com,2c0ac1af-e8f3-44ee-ad71-4ca508b469fc,332.05,3e8e48b4-55f1-411a-8baa-f4da046cc73a,Song 28,Artist 8,Jazz,8.45
ec461be4-4daf-423f-80d6-fd0ba235f9c7,user_48,user_48@example.com,255feff2-5b74-435e-a36b-f5fd24efc4e7,424.92,aba28d96-dd74-48d4-a33e-9c9cc12b9617,Song 164,Artist 4,Rock,9.29
bcb76878-86df-4b81-a1b5-97c67458073c,user_25,user_25@example.com,24866ecb-e0df-40a5-be3a-32bf0a69b41c,180.98,e3a23c4c-7fac-4175-bda6-b2cc6acdd5f7,Song 110,Artist 10,Electronic,11.08
14dbf60c-dd8f-4520-aa50-a9e0459034de,user_97,user_97@example.com,c1c89f2b-dd63-4194-a0d7-8bd8052c0ae2,126.45,f71643b8-3f65-4c0b-98b6-88bbf382dca2,Song 77,Artist 17,Electronic,10.29
13cf1c04-c6e3-403d-ad1d-a8f4dbe19a55,user_18,user_18@example.com,0629c27a-9aa6-475c-bed8-9869269a663e,90.66,4a98fb4b-8b7f-4edc-b75d-2b83055ef836,Song 83,Artist 3,Rock,7.39
1420279d-39e6-45d8-9055-abbff3d67f64,user_45,user_45@example.com,dd486e82-75ac-4279-9c57-8147b0d9779a,114.04,2c56670a-1e03-4b82-8f39-f736fb42db28,Song 80,Artist 0,Rock,1.01
42f5859f-840a-4ef6-bffa-8c709c574e02,user_84,user_84@example.com,54ea74b3-b46d-43a6-afc5-1e6c3781a5d1,126.32,eb6779d8-520c-4f7f-8021-192e2031d275,Song 143,Artist 3,Pop,6.23
f276973f-fc54-4183-8842-dfaf0f3e204d,user_80,user_80@example.com,f43558a0-caca-4033-85c1-659a7982846c,66.53,4c711ba9-bf5b-4eb6-81f0-596e74ac563f,Song 116,Artist 16,Pop,8.73
bdd9bd5d-5ac5-4465-a49c-acd8281c0407,user_59,user_59@example.com,99849c90-5f2a-42fc-b268-128e3c17bc66,30.39,f9859796-6a11-4c17-9586-a9218036194a,Song 99,Artist 19,Pop,14.75
db71e7dd-e3ca-4544-a101-fc953fd12de4,user_73,user_73@example.com,a27910be-178b-4112-a51a-aaa4fe103710,426.66,e2bc0a33-e86d-4f27-86a9-32a7c13e9bc3,Song 138,Artist 18,Jazz,7.81
c6c4c519-1969-4236-bc9e-475077da8efa,user_71,user_71@example.com,49711198-6cb0-430e-84fc-28c60283f1d0,273.47,9f3a862e-e2e5-4324-a6fe-b7aa5a76e4da,Song 50,Artist 10,Pop,7.44
a09eabfc-9d07-4966-9c8c-c85d55940402,user_78,user_78@example.com,cd147e46-196d-4e13-be9c-8bec98d8ca79,319.63,18655abc-d7af-4bc4-94ba-8402f1c748ca,Song 25,Artist 5,Jazz,7.84
6eeaf898-3bf6-4184-9836-88c1d3da5a1a,user_85,user_85@example.com,7d69b436-eb13-4662-b17f-c79ff8326d99,209.07,526e9896-bf4f-401a-ad38-74e076b423ef,Song 30,Artist 10,Pop,5.37
6edec490-38c7-4d77-8a98-6cbed129fbef,user_35,user_35@example.com,2df63195-68b5-4dcf-aaf3-ee98d581079f,69.31,f5f5a4f5-b8fd-4382-9913-caa7f5b93b96,Song 179,Artist 19,Pop,14.61
1d4652d7-56bc-4e1e-9f7c-05cae40036c7,user_17,user_17@example.com,43e7dcdf-014e-4fa4-abda-1c08278244be,118.19,d0431322-c235-43b0-b719-d378eba42ac9,Song 168,Artist 8,Rock,10.37
0f9edd76-f58a-4c84-88e5-435569c86618,user_69,user_69@example.com,cef3fdee-bed7-4371-b320-5dbc8089d643,46.23,b67ec4b1-dcde-4fc6-a7a1-142d31fb69cf,Song 32,Artist 12,Electronic,3.01
5eeb8472-8c23-4bac-863e-b8b14848aef8,user_91,user_91@example.com,c0e6f628-157d-4762-acf5-1edad6c5d6b9,328.05,d8593cb7-91d4-4d1c-a022-26c7b8eb1ada,Song 52,Artist 12,Electronic,4.46
794e4561-728c-4b88-b620-3bc7c25b8825,user_44,user_44@example.com,a960f908-664c-4a7b-a6da-338aca386569,407.69,067c8c1c-04ef-4e77-a2a4-5c5a2a4f3f5f,Song 113,Artist 13,Pop,3.3
01a8ad0c-6d5d-4054-8cca-7f66b82e15db,user_11,user_11@example.com,a1a967ae-174f-49bb-b751-4a70b77fb816,43.12,1d9a2078-5335-4994-8bbc-6f5d625117d5,Song 186,Artist 6,Rock,11.32
14dbf60c-dd8f-4520-aa50-a9e0459034de,user_97,user_97@example.com,c1c89f2b-dd63-4194-a0d7-8bd8052c0ae2,126.45,6538c70d-b4d5-47d7-a5fb-5d17b3e4ef76,Song 95,Artist 15,Pop,5.02
5d57ba56-8ad1-4748-ad7a-13d3572366ad,user_66,user_66@example.com,bb1197a8-37af-4217-91c2-b0e507303cae,226.56,25b906b7-0557-4609-824c-c200d8309f53,Song 12,Artist 12,Pop,4.72
aa44286a-184d-4ee3-a2c8-907bf503c2ef,user_68,user_68@example.com,7d06a94b-b30c-4133-b6ea-e638f9e48df2,33.15,390d2dd7-5617-40b2-a9ee-7609aced87d6,Song 173,Artist 13,Rock,11.17
c6c4c519-1969-4236-bc9e-475077da8efa,user_71,user_71@example.com,49711198-6cb0-430e-84fc-28c60283f1d0,273.47,5ab521c4-dd3a-4fc0-b415-350793e35de2,Song 18,Artist 18,Jazz,2.56
f239555d-3c3f-40a1-89e9-182b95deb061,user_4,user_4@example.com,9e643a42-e55f-41ca-931d-31a1e85fdc0e,319.28,a3a1b31c-048b-4678-8ede-009eb4a43221,Song 162,Artist 2,Pop,12.39
3b748d0d-d688-490a-830e-91bc564720cf,user_64,user_64@example.com,ee5ac602-2cb1-44ac-88df-167fb35b680d,24.92,17f197da-6fa3-40f3-a881-1b8e43ef8556,Song 144,Artist 4,Pop,8.77
